season,week,manager,pts,IP,H,ER,BB,K,QS,SV+H,ERA,WHIP,K_per_IP
2021,1,Boyce,267.83,80.97,71,30,31,83,7,1,3.334568359,1.259725824,1.025071014
2021,1,Ulmer,206.76,54.97,38,16,13,66,4,4,2.619610697,0.927778788,1.200654903
2021,1,Garth,223.91,70.66,56,21,33,81,4,0,2.67478064,1.259552788,1.14633456
2021,1,Chris,378.43,108.63,76,24,21,117,10,0,1.988400994,0.892939335,1.077050539
2021,1,Andy,148.41,45.65,46,23,11,53,4,2,4.534501643,1.248630887,1.161007667
2021,1,Sam,183.34,64.31,66,31,26,67,4,1,4.338361064,1.430570673,1.041828643
2021,1,Howard,283.5,87.98,74,34,20,93,7,2,3.478063196,1.068424642,1.057058422
2021,1,Rich,224.17,71.63,58,27,20,75,6,0,3.392433338,1.08892922,1.047047327
2021,1,Rouse,242.67,70.64,59,38,29,95,6,4,4.841449604,1.245753114,1.344847112
2021,1,Dave,264.91,79.64,70,38,31,98,6,4,4.29432446,1.268206931,1.230537418
2021,2,Boyce,205.33,61.33,32,16,20,59,6,0,2.347953693,0.847872167,0.962008805
2021,2,Ulmer,195.33,48.31,27,14,19,62,4,5,2.608155661,0.952183813,1.283378183
2021,2,Garth,120.17,50.65,51,35,21,49,2,1,6.219151037,1.421520237,0.967423495
2021,2,Chris,158.42,52.65,49,23,14,62,3,0,3.931623932,1.196581197,1.177587844
2021,2,Andy,158.92,46.66,37,11,8,40,4,2,2.121731676,0.964423489,0.857265324
2021,2,Sam,170.92,47.66,39,17,16,51,2,6,3.210239194,1.154007554,1.070079731
2021,2,Howard,253.42,67.65,43,15,18,77,6,3,1.99556541,0.901699926,1.138211382
2021,2,Rich,187,57.99,58,26,14,79,4,0,4.035178479,1.241593378,1.362303845
2021,2,Rouse,111.16,36.66,31,16,15,40,2,1,3.927986907,1.254773595,1.091107474
2021,2,Dave,166.92,60.65,55,38,24,62,5,1,5.638911789,1.302555647,1.022258862
2021,3,Boyce,174.42,52.66,52,21,19,62,5,1,3.589061907,1.348271933,1.177364223
2021,3,Ulmer,147.84,48.31,38,20,22,47,3,2,3.725936659,1.241978886,0.972883461
2021,3,Garth,171.5,48.98,35,15,23,51,4,3,2.756227031,1.184156799,1.041241323
2021,3,Chris,186.66,64.66,63,38,13,81,4,0,5.289205073,1.175378905,1.252706465
2021,3,Andy,159,44.99,43,22,11,48,4,5,4.400977995,1.200266726,1.066903756
2021,3,Sam,142.08,44.31,36,17,17,50,4,0,3.452945159,1.196118258,1.128413451
2021,3,Howard,189.41,53.66,40,22,7,60,5,3,3.689899366,0.875885203,1.118151323
2021,3,Rich,257.09,67.32,40,15,15,75,6,4,2.005347594,0.816993464,1.114081996
2021,3,Rouse,140.51,42.98,33,15,17,43,3,2,3.140995812,1.163331782,1.000465333
2021,3,Dave,166.16,52.66,44,21,24,58,4,1,3.589061907,1.291302697,1.101405241
2021,4,Boyce,189.75,60.98,56,25,13,62,5,1,3.689734339,1.131518531,1.016726796
2021,4,Ulmer,126,44.98,49,32,17,53,2,3,6.402845709,1.467318808,1.178301467
2021,4,Garth,193.25,54.99,36,22,17,62,3,5,3.600654664,0.963811602,1.127477723
2021,4,Chris,218.75,67.99,48,23,23,76,5,0,3.044565377,1.044271216,1.117811443
2021,4,Andy,94.17,32.66,28,18,14,30,2,2,4.960195958,1.28597673,0.918554807
2021,4,Sam,157.91,45.65,42,23,9,51,3,5,4.534501643,1.117196057,1.117196057
2021,4,Howard,149.67,50.65,52,25,14,57,3,1,4.44225074,1.303060217,1.125370188
2021,4,Rich,154.08,41.33,38,12,11,51,4,2,2.613113961,1.185579482,1.233970481
2021,4,Rouse,173,53,41,21,19,62,4,1,3.566037736,1.132075472,1.169811321
2021,4,Dave,203.01,68.98,55,35,21,62,7,1,4.566541026,1.101768629,0.89881125
2021,5,Boyce,211.91,60.65,51,22,20,81,6,0,3.264633141,1.170651278,1.335531739
2021,5,Ulmer,106.09,32.32,21,5,20,33,2,0,1.392326733,1.268564356,1.021039604
2021,5,Garth,143.51,39.98,36,15,12,53,4,1,3.376688344,1.2006003,1.325662831
2021,5,Chris,124.75,52.99,53,35,20,53,2,0,5.944517834,1.377618419,1.000188715
2021,5,Andy,135.07,51.32,60,24,21,43,2,2,4.208885425,1.578332034,0.837879969
2021,5,Sam,164.66,45.66,36,18,10,49,4,4,3.547963206,1.007446343,1.073149365
2021,5,Howard,201.34,55.3,42,22,22,77,5,2,3.580470163,1.157323689,1.392405063
2021,5,Rich,140.75,40,23,9,12,38,3,2,2.025,0.875,0.95
2021,5,Rouse,157.67,48.66,31,12,17,41,2,3,2.219482121,0.986436498,0.842581176
2021,5,Dave,182.75,56.98,52,20,19,53,5,2,3.159003159,1.246051246,0.93015093
2021,6,Boyce,176.75,62.98,67,35,14,67,4,1,5.001587806,1.286122579,1.063829787
2021,6,Ulmer,167.17,49.64,41,18,15,59,2,3,3.26349718,1.128122482,1.188557615
2021,6,Garth,228.66,62.66,41,18,19,69,5,4,2.585381424,0.957548675,1.101180977
2021,6,Chris,181.17,57.66,43,24,25,65,4,1,3.746097815,1.17932709,1.127297954
2021,6,Andy,148.84,46.32,38,18,10,37,4,3,3.497409326,1.03626943,0.798791019
2021,6,Sam,161.5,44.99,32,12,12,33,4,5,2.400533452,0.97799511,0.733496333
2021,6,Howard,202.09,58.32,45,18,14,68,4,2,2.777777778,1.011659808,1.165980796
2021,6,Rich,120.08,35.32,38,19,13,38,2,5,4.841449604,1.44394111,1.07587769
2021,6,Rouse,174.16,50.66,55,20,11,59,6,1,3.553099092,1.302803,1.164626925
2021,6,Dave,173.33,55.31,51,29,19,61,3,4,4.718857349,1.265593925,1.102874706
2021,7,Boyce,233.91,56.66,38,10,13,70,7,3,1.588422167,0.900105895,1.235439463
2021,7,Ulmer,161.75,49.98,42,27,17,52,4,4,4.861944778,1.180472189,1.040416166
2021,7,Garth,115.67,37.66,27,13,17,37,2,1,3.106744557,1.16834838,0.982474774
2021,7,Chris,266.92,72.65,45,23,16,85,7,3,2.849277357,0.83964212,1.169993118
2021,7,Andy,129.34,45.32,59,31,15,46,2,5,6.156222418,1.632833186,1.015004413
2021,7,Sam,125.5,43.97,47,23,13,30,3,4,4.707755288,1.36456675,0.682283375
2021,7,Howard,127.59,47.32,49,25,16,43,3,1,4.754860524,1.373626374,0.908706678
2021,7,Rich,152.91,41.66,33,15,18,54,3,3,3.240518483,1.224195871,1.296207393
2021,7,Rouse,196,49.98,36,14,12,69,6,1,2.521008403,0.960384154,1.380552221
2021,7,Dave,176.92,51.64,48,24,21,56,5,4,4.182804028,1.336173509,1.084430674
2021,8,Boyce,219.26,59.98,39,16,16,67,7,1,2.400800267,0.916972324,1.117039013
2021,8,Ulmer,201.42,52.64,26,7,17,61,3,3,1.196808511,0.816869301,1.15881459
2021,8,Garth,141.75,39,25,12,14,42,4,2,2.769230769,1,1.076923077
2021,8,Chris,210.09,67.31,55,28,22,78,4,1,3.743871639,1.143960778,1.158817412
2021,8,Andy,140.51,42.98,31,10,13,39,2,2,2.093997208,1.023731968,0.90739879
2021,8,Sam,99,37.99,41,25,13,35,2,2,5.922611213,1.421426691,0.921295078
2021,8,Howard,245.59,72.32,59,30,18,84,5,4,3.73340708,1.064712389,1.161504425
2021,8,Rich,126.67,35.66,31,12,11,41,2,3,3.028603477,1.177790241,1.149747616
2021,8,Rouse,230.01,67.98,47,24,21,73,6,2,3.177405119,1.000294204,1.073845249
2021,8,Dave,185.84,53.32,32,10,18,45,4,3,1.68792198,0.937734434,0.84396099
2021,9,Boyce,252.75,71.98,58,23,21,82,9,0,2.875798833,1.097527091,1.139205335
2021,9,Ulmer,161.42,48.64,45,20,12,59,2,3,3.700657895,1.171875,1.212993421
2021,9,Garth,132.49,43.99,43,22,15,45,2,3,4.50102296,1.318481473,1.022959764
2021,9,Chris,159.5,50,51,21,9,61,3,1,3.78,1.2,1.22
2021,9,Andy,117.49,46.99,47,24,13,31,1,3,4.596722707,1.276867419,0.659714833
2021,9,Sam,114.24,37.97,41,26,14,32,3,5,6.162760074,1.448511983,0.842770608
2021,9,Howard,164.17,50.65,35,21,17,52,4,2,3.731490622,1.026653504,1.026653504
2021,9,Rich,154.58,39.33,26,14,13,57,3,3,3.203661327,0.991609458,1.449275362
2021,9,Rouse,176,50.99,41,21,11,63,5,1,3.706609139,1.019807805,1.23553638
2021,9,Dave,204.25,62.99,69,26,12,61,5,4,3.714875377,1.2859184,0.968407684
2021,10,Boyce,215.24,65.99,64,29,21,85,6,0,3.955144719,1.288073951,1.288073951
2021,10,Ulmer,135.25,37.98,25,14,10,40,3,3,3.317535545,0.921537651,1.053185887
2021,10,Garth,177.91,47.66,32,11,19,43,4,5,2.077213596,1.070079731,0.902224087
2021,10,Chris,177.17,53.65,48,23,14,63,6,0,3.8583411,1.155638397,1.174277726
2021,10,Andy,78.42,34.64,45,31,14,33,3,1,8.054272517,1.703233256,0.952655889
2021,10,Sam,104.59,31.32,22,6,5,22,3,1,1.724137931,0.862068966,0.702426564
2021,10,Howard,155.17,45.65,46,17,12,51,4,2,3.351588171,1.270536692,1.117196057
2021,10,Rich,149.42,35.66,20,11,9,44,3,5,2.776219854,0.813236119,1.233875491
2021,10,Rouse,154.92,45.66,38,18,15,56,3,2,3.547963206,1.160753395,1.226456417
2021,10,Dave,183.09,56.32,44,18,15,59,5,0,2.876420455,1.047585227,1.047585227
2021,11,Boyce,198.91,62.66,49,21,24,67,5,0,3.016278327,1.165017555,1.069262688
2021,11,Ulmer,107.91,29.66,23,15,8,39,2,3,4.551584626,1.045178692,1.314902225
2021,11,Garth,209.08,61.3,47,22,14,64,5,3,3.230016313,0.995106036,1.044045677
2021,11,Chris,216.17,72.64,71,25,25,66,6,0,3.09746696,1.321585903,0.908590308
2021,11,Andy,175.67,41.66,34,12,8,40,3,9,2.592414786,1.008161306,0.960153625
2021,11,Sam,150.75,44.99,43,27,18,59,1,6,5.401200267,1.355856857,1.311402534
2021,11,Howard,107.83,40.33,55,28,9,50,1,2,6.248450285,1.586908009,1.239771882
2021,11,Rich,141.59,39.32,24,9,9,45,4,0,2.060020346,0.839267548,1.144455748
2021,11,Rouse,173.24,50.99,45,15,18,49,5,2,2.647577956,1.23553638,0.96097274
2021,11,Dave,147.91,45.65,41,24,12,38,4,5,4.731653888,1.161007667,0.832420591
2021,12,Boyce,174.17,50.66,32,16,22,60,5,0,2.842479274,1.065929728,1.184366364
2021,12,Ulmer,142.75,39.99,33,14,12,55,4,0,3.150787697,1.12528132,1.375343836
2021,12,Garth,155,40.99,22,12,16,50,3,3,2.634788973,0.927055379,1.21980971
2021,12,Chris,258.83,71.32,54,21,18,90,8,0,2.650028043,1.009534492,1.261918116
2021,12,Andy,170.66,57.65,55,29,17,58,5,1,4.527320035,1.248915872,1.006071119
2021,12,Sam,138.16,38.66,39,15,9,46,2,4,3.491981376,1.241593378,1.189860321
2021,12,Howard,180.01,47.98,33,12,15,50,5,3,2.250937891,1.00041684,1.042100875
2021,12,Rich,202.25,53.99,44,16,15,61,4,5,2.667160585,1.092794962,1.129838859
2021,12,Rouse,180.33,45.32,34,10,14,59,3,4,1.985878199,1.05913504,1.301853486
2021,12,Dave,155.67,46.65,40,13,14,37,4,3,2.508038585,1.15755627,0.793140407
2021,13,Boyce,227.17,67.66,62,32,22,82,6,3,4.256577003,1.241501626,1.211942063
2021,13,Ulmer,112.42,34.66,38,14,15,35,1,4,3.635314484,1.529140219,1.009809579
2021,13,Garth,186.34,52.3,33,17,23,60,4,3,2.92543021,1.070745698,1.147227533
2021,13,Chris,134.42,54.66,55,34,18,52,3,0,5.598243688,1.335528723,0.951335529
2021,13,Andy,146.51,52.97,46,27,20,46,3,2,4.58750236,1.245988295,0.868416085
2021,13,Sam,165.5,49.99,34,21,18,40,5,4,3.780756151,1.040208042,0.800160032
2021,13,Howard,165.25,50.99,46,26,19,53,4,4,4.589135125,1.274759757,1.039419494
2021,13,Rich,91.83,30.32,33,21,17,40,2,2,6.233509235,1.649076517,1.319261214
2021,13,Rouse,153.34,52.3,49,26,21,54,4,1,4.47418738,1.338432122,1.03250478
2021,13,Dave,217.75,58.99,45,17,20,67,8,1,2.593659942,1.101881675,1.135785726
2021,14,Boyce,221.42,58.66,37,13,10,71,7,0,1.994544835,0.801227412,1.210364814
2021,14,Ulmer,151.08,51.32,48,25,19,52,4,1,4.384255651,1.305533905,1.013250195
2021,14,Garth,188.5,51.99,34,17,18,62,4,3,2.94287363,1.000192345,1.192537026
2021,14,Chris,135.99,49.98,54,23,12,57,1,0,4.141656663,1.320528211,1.140456182
2021,14,Andy,140.75,46.99,44,21,13,49,3,1,4.022132369,1.213024048,1.042775059
2021,14,Sam,153.16,48.66,60,28,18,48,3,6,5.178791615,1.602959309,0.986436498
2021,14,Howard,141.92,44.65,37,21,16,50,3,2,4.232922732,1.187010078,1.119820829
2021,14,Rich,184.16,49.66,34,11,16,59,4,2,1.993556182,1.006846557,1.188078937
2021,14,Rouse,175.34,56.31,56,21,12,53,3,3,3.356419819,1.207600781,0.941218256
2021,14,Dave,130.41,54.66,66,36,23,55,1,2,5.927552141,1.628247347,1.006220271
2021,15,Boyce,275.83,93.32,78,39,22,96,6,0,3.761251607,1.071581655,1.028718388
2021,15,Ulmer,203.91,62.65,53,30,22,66,3,6,4.309656824,1.197126895,1.053471668
2021,15,Garth,202.33,64.66,55,33,32,80,5,2,4.593257037,1.345499536,1.237240953
2021,15,Chris,268.18,96.63,86,41,30,82,7,0,3.818689848,1.200455345,0.848597744
2021,15,Andy,251.16,80.65,71,34,31,71,8,3,3.79417235,1.264724117,0.880347179
2021,15,Sam,243.33,77.33,65,29,21,55,6,6,3.37514548,1.112116902,0.711237553
2021,15,Howard,202.01,67.98,63,31,15,63,4,3,4.104148279,1.147396293,0.92674316
2021,15,Rich,164.42,49.65,46,23,19,61,4,2,4.16918429,1.309164149,1.228600201
2021,15,Rouse,268.41,79.65,79,28,24,97,6,2,3.163841808,1.293157564,1.217827997
2021,15,Dave,211.58,65.32,63,31,28,69,4,5,4.271279853,1.393141457,1.056338028
2021,16,Boyce,186.75,60.97,62,25,19,67,5,0,3.690339511,1.328522224,1.098901099
2021,16,Ulmer,140.5,39.99,35,10,7,41,4,1,2.250562641,1.050262566,1.025256314
2021,16,Garth,179.17,53.65,37,18,19,61,3,2,3.019571295,1.043802423,1.136999068
2021,16,Chris,162.92,55.65,49,21,18,57,3,0,3.396226415,1.203953279,1.02425876
2021,16,Andy,147.25,46.98,50,32,19,55,3,5,6.130268199,1.468710089,1.170710941
2021,16,Sam,178.99,57.99,66,31,16,56,7,2,4.81117434,1.414036903,0.965683739
2021,16,Howard,157.57,58.32,62,38,15,58,2,4,5.864197531,1.320301783,0.994513032
2021,16,Rich,105.75,28.99,26,19,7,40,2,4,5.898585719,1.13832356,1.379786133
2021,16,Rouse,116.66,46.66,53,29,17,41,3,1,5.593656237,1.500214316,0.878696957
2021,16,Dave,202.5,62.98,55,20,21,69,5,0,2.858050175,1.206732296,1.0955859
2021,17,Boyce,182.08,58.33,53,21,16,65,4,0,3.240185153,1.182924739,1.114349391
2021,17,Ulmer,202.84,55.32,53,26,9,69,5,5,4.229934924,1.120751988,1.247288503
2021,17,Garth,198.67,59.65,50,21,26,60,6,2,3.168482816,1.27409891,1.005867561
2021,17,Chris,77,42.99,53,37,15,37,1,0,7.745987439,1.581763201,0.860665271
2021,17,Andy,146.08,47.32,53,22,16,53,4,1,4.184277261,1.458157227,1.120033812
2021,17,Sam,154,49,45,18,13,48,4,1,3.306122449,1.183673469,0.979591837
2021,17,Howard,198.66,55.66,32,17,12,61,6,1,2.748832195,0.790513834,1.095939633
2021,17,Rich,91.59,26.32,23,11,8,35,1,2,3.761398176,1.17781155,1.329787234
2021,17,Rouse,231.99,68.99,56,15,20,66,5,2,1.956805334,1.101608929,0.956660386
2021,17,Dave,188.92,59.64,58,29,17,72,6,0,4.376257545,1.257545272,1.207243461
2021,18,Boyce,123.33,52.32,55,34,27,54,2,0,5.848623853,1.567278287,1.032110092
2021,18,Ulmer,101.83,41.31,30,20,20,36,1,0,4.357298475,1.210360687,0.871459695
2021,18,Garth,158.42,47.64,44,22,15,57,4,2,4.156171285,1.23845508,1.196473552
2021,18,Chris,186.83,63.32,61,32,17,76,4,0,4.548325963,1.231838282,1.200252685
2021,18,Andy,158.16,47.66,35,13,15,46,5,0,2.454888796,1.049097776,0.965169954
2021,18,Sam,96.75,42.99,54,35,11,38,1,3,7.327285415,1.51197953,0.883926495
2021,18,Howard,120.33,48.32,50,32,20,50,3,0,5.960264901,1.448675497,1.034768212
2021,18,Rich,72.83,27.33,35,20,11,31,1,2,6.586169045,1.683132089,1.134284669
2021,18,Rouse,181.17,56.65,45,27,15,65,4,2,4.289496911,1.05913504,1.147396293
2021,18,Dave,167.5,55.99,50,19,14,47,5,0,3.054116807,1.143061261,0.839435614
2021,19,Boyce,194.51,61.97,53,25,15,69,5,0,3.630789091,1.097305148,1.113441988
2021,19,Ulmer,141.5,42,39,22,11,37,2,7,4.714285714,1.19047619,0.880952381
2021,19,Garth,161.09,45.31,37,20,12,50,4,4,3.972632973,1.081438976,1.103509159
2021,19,Chris,162.01,51.98,40,23,14,60,4,0,3.982300885,1.0388611,1.154290112
2021,19,Andy,143.42,51.64,52,21,13,37,5,0,3.659953524,1.258714175,0.716498838
2021,19,Sam,194.83,56.33,50,17,16,46,6,4,2.71613705,1.171666963,0.816616368
2021,19,Howard,146.59,53.32,52,25,21,54,1,2,4.219804951,1.369092273,1.012753188
2021,19,Rich,157.67,37.66,26,4,4,47,3,3,0.955921402,0.796601168,1.248008497
2021,19,Rouse,182.43,58.64,49,23,18,57,5,1,3.530013643,1.142564802,0.972032742
2021,19,Dave,196.58,57.32,41,16,14,51,6,2,2.512212142,0.959525471,0.8897418
2021,20,Boyce,168.5,56,56,28,14,58,6,0,4.5,1.25,1.035714286
2021,20,Ulmer,225.42,58.65,49,17,10,74,6,3,2.608695652,1.005967604,1.26172208
2021,20,Garth,124.34,36.32,28,15,8,40,2,3,3.716960352,0.991189427,1.101321586
2021,20,Chris,217.92,71.64,54,24,19,68,5,0,3.015075377,1.018983808,0.949190396
2021,20,Andy,146.51,49.98,54,21,10,29,6,2,3.781512605,1.280512205,0.580232093
2021,20,Sam,159.91,51.65,47,27,12,51,2,5,4.704743466,1.142303969,0.987415295
2021,20,Howard,168.18,55.64,55,27,15,52,6,1,4.36736161,1.258087707,0.934579439
2021,20,Rich,125.5,29.99,23,5,9,31,2,5,1.500500167,1.067022341,1.033677893
2021,20,Rouse,122.91,45.66,44,21,11,44,2,0,4.139290407,1.20455541,0.963644328
2021,20,Dave,182.5,52.99,44,24,12,65,6,1,4.0762408,1.05680317,1.226646537
2021,21,Boyce,167.42,63.65,63,33,22,69,2,0,4.666142969,1.335428123,1.084053417
2021,21,Ulmer,122.42,41.65,35,22,16,39,2,3,4.753901561,1.224489796,0.93637455
2021,21,Garth,175,52.99,37,21,19,48,4,4,3.5667107,1.05680317,0.905831289
2021,21,Chris,177.66,57.64,49,23,15,64,4,0,3.591256072,1.110340042,1.110340042
2021,21,Andy,139.84,44.31,39,19,15,41,4,2,3.859174001,1.218686527,0.92529903
2021,21,Sam,86.49,39.99,46,31,18,24,2,3,6.976744186,1.6004001,0.600150038
2021,21,Howard,106.09,39.32,44,24,13,38,1,3,5.493387589,1.449643947,0.966429298
2021,21,Rich,147.17,38.65,29,17,11,46,5,3,3.958602846,1.034928849,1.190168176
2021,21,Rouse,113.25,42,56,31,13,42,2,4,6.642857143,1.642857143,1
2021,21,Dave,129.08,48.32,46,28,13,50,3,0,5.215231788,1.22102649,1.034768212
2021,22,Boyce,185.99,54.99,50,17,10,69,4,0,2.782324059,1.091107474,1.254773595
2021,22,Ulmer,180.17,51.65,42,22,10,52,4,5,3.833494676,1.006776379,1.006776379
2021,22,Garth,187.92,52.66,34,16,21,54,6,2,2.734523357,1.044436005,1.025446259
2021,22,Chris,195.91,60.65,44,24,27,73,5,0,3.561417972,1.170651278,1.20362737
2021,22,Andy,102.26,36.97,45,20,12,34,2,2,4.868812551,1.541790641,0.919664593
2021,22,Sam,141.09,46.31,48,19,13,44,3,2,3.692507018,1.317210106,0.950118765
2021,22,Howard,211.42,62.65,50,15,9,52,6,2,2.154828412,0.941739824,0.830007981
2021,22,Rich,69.92,24.65,31,19,6,21,1,4,6.937119675,1.501014199,0.851926978
2021,22,Rouse,176.67,51.65,42,21,22,60,4,3,3.659244918,1.23910939,1.161665053
2021,22,Dave,180.09,66.32,58,38,33,69,5,0,5.15681544,1.372135103,1.040410133
2021,23,Boyce,92.33,35.33,41,22,7,39,2,0,5.604302293,1.358618738,1.103877724
2021,23,Ulmer,207,55.99,32,19,10,56,7,3,3.054116807,0.750133952,1.000178603
2021,23,Garth,146,43,36,17,16,47,4,2,3.558139535,1.209302326,1.093023256
2021,23,Chris,177.17,57.64,53,22,15,78,1,0,3.435114504,1.179736294,1.353226926
2021,23,Andy,174.93,59.63,57,30,16,59,5,1,4.527922187,1.224215999,0.989434848
2021,23,Sam,161.01,54.98,50,26,16,49,3,3,4.256093125,1.200436522,0.891233176
2021,23,Howard,150.67,49.64,39,13,17,45,3,0,2.356970185,1.128122482,0.906526994
2021,23,Rich,127.08,46.31,50,29,15,56,1,2,5.635931764,1.403584539,1.209242064
2021,23,Rouse,116.16,43.66,54,30,18,50,2,2,6.184150252,1.649106734,1.14521301
2021,23,Dave,165.17,50.66,43,14,15,49,5,0,2.487169364,1.144887485,0.967232531
2021,24,Boyce,185.76,67.98,66,33,17,71,3,0,4.368932039,1.220947337,1.044424831
2021,24,Ulmer,206.66,53.65,44,20,26,70,4,6,3.355079217,1.304753029,1.304753029
2021,24,Garth,120.5,49.98,56,39,20,48,4,1,7.022809124,1.520608243,0.960384154
2021,24,Chris,139.34,59.3,70,33,16,57,1,0,5.008431703,1.450252951,0.961214165
2021,24,Andy,144.16,40.66,27,14,15,49,2,3,3.098868667,1.032956222,1.205115593
2021,24,Sam,132.01,44.97,45,24,13,45,2,3,4.803202135,1.289748721,1.000667111
2021,24,Howard,224.67,69.65,55,23,13,62,6,2,2.972002872,0.976310122,0.890165111
2021,24,Rich,105.58,29.33,19,10,12,30,3,2,3.068530515,1.056938288,1.022843505
2021,24,Rouse,142.75,33,26,9,11,48,4,3,2.454545455,1.121212121,1.454545455
2021,24,Dave,142.17,53.65,51,27,23,47,4,0,4.529356943,1.379310345,0.876048462
2022,1,Boyce,268.33,82.31,63,28,26,75,5,0,3.061596404,1.081278095,0.911189406
2022,1,Ulmer,185.26,56.97,46,26,19,68,3,3,4.107424961,1.140951378,1.193610672
2022,1,Garth,182.17,63.64,54,28,26,65,0,4,3.959773727,1.257071025,1.021370207
2022,1,Chris,204.25,70.98,63,33,21,72,0,2,4.184277261,1.183431953,1.014370245
2022,1,Andy,214.91,56.65,52,24,15,66,2,10,3.812886143,1.182700794,1.165048544
2022,1,Sam,191.4,59.65,49,27,20,65,4,3,4.073763621,1.156747695,1.089689858
2022,1,Howard,220.17,69.99,60,24,30,56,2,7,3.086155165,1.285897985,0.800114302
2022,1,Rich,224.58,72.31,56,26,21,62,2,6,3.236066934,1.064859632,0.857419444
2022,1,Rouse,237.09,77.31,65,36,36,93,2,4,4.190919674,1.306428664,1.202949166
2022,1,Dave,300.58,95.32,74,37,35,95,6,4,3.493495594,1.143516576,0.996642887
2022,2,Boyce,161.08,54.32,52,22,19,56,4,0,3.645066274,1.307069219,1.030927835
2022,2,Ulmer,171.25,52.98,43,20,14,53,3,3,3.397508494,1.07587769,1.000377501
2022,2,Garth,168.49,42.98,36,10,12,43,2,7,2.093997208,1.116798511,1.000465333
2022,2,Chris,149.32,55.31,56,28,20,57,3,0,4.556138131,1.374073404,1.030555053
2022,2,Andy,148.91,42.66,32,16,11,42,3,4,3.375527426,1.007969995,0.984528833
2022,2,Sam,156.26,53.98,48,26,11,50,2,3,4.334938866,1.092997406,0.926268989
2022,2,Howard,158.82,45.32,35,13,13,47,3,3,2.581641659,1.05913504,1.037069726
2022,2,Rich,212.92,50.65,40,8,11,56,6,5,1.421520237,1.006910168,1.105626851
2022,2,Rouse,194.17,51.65,37,14,7,62,5,2,2.439496612,0.851887706,1.200387222
2022,2,Dave,171.82,55.32,43,19,21,48,6,0,3.091106291,1.156905278,0.867678959
2022,3,Boyce,195.42,59.65,43,21,22,49,6,3,3.168482816,1.089689858,0.821458508
2022,3,Ulmer,204.92,48.66,33,11,16,57,5,6,2.034525277,1.006987259,1.171393342
2022,3,Garth,212.24,59.98,40,11,21,64,4,2,1.650550183,1.017005669,1.067022341
2022,3,Chris,304.33,84.33,59,18,15,74,13,0,1.921024546,0.87750504,0.87750504
2022,3,Andy,129.25,32.99,19,11,20,33,2,6,3.000909366,1.182176417,1.000303122
2022,3,Sam,126.26,42.97,42,22,15,36,4,2,4.607865953,1.326506865,0.83779381
2022,3,Howard,227.59,65.31,48,25,17,68,6,4,3.445107947,0.995253407,1.041188179
2022,3,Rich,180.92,47.65,34,10,11,43,5,4,1.888772298,0.944386149,0.902413431
2022,3,Rouse,225.67,52.66,27,8,13,66,5,5,1.367261679,0.759589821,1.253323205
2022,3,Dave,214.5,67.99,71,26,15,60,7,2,3.4416826,1.264891896,0.882482718
2022,4,Boyce,181.33,59.32,54,24,18,62,5,0,3.641267701,1.2137559,1.045178692
2022,4,Ulmer,210.91,54.65,37,15,12,69,3,5,2.470265325,0.896614822,1.262580055
2022,4,Garth,156.84,47.32,44,19,16,47,3,4,3.613693998,1.267962806,0.993237532
2022,4,Chris,153.17,46.65,33,18,17,51,5,0,3.47266881,1.071811361,1.093247588
2022,4,Andy,168.41,38.66,25,5,6,32,4,7,1.163993792,0.80186239,0.827728919
2022,4,Sam,187.59,58.31,45,15,14,39,4,4,2.315211799,1.011833305,0.668838964
2022,4,Howard,156.93,55.63,56,20,17,36,4,2,3.23566421,1.312241596,0.647132842
2022,4,Rich,169.67,50.65,47,15,15,46,4,3,2.665350444,1.224086871,0.908193485
2022,4,Rouse,187.25,46.98,37,8,8,48,4,5,1.53256705,0.957854406,1.021711367
2022,4,Dave,134.17,45.65,44,22,12,37,4,2,4.337349398,1.226725082,0.810514786
2022,5,Boyce,246.25,75.98,55,35,26,89,7,1,4.145827849,1.066070018,1.171360884
2022,5,Ulmer,97.24,31.99,40,24,11,46,1,3,6.752110034,1.594248203,1.437949359
2022,5,Garth,189.33,51.32,35,24,17,55,3,8,4.208885425,1.013250195,1.071706937
2022,5,Chris,165.66,63.65,77,37,11,54,6,0,5.231736057,1.38256088,0.848389631
2022,5,Andy,117.42,37.64,38,23,11,40,2,4,5.49946865,1.301806589,1.062699256
2022,5,Sam,108.34,46.31,65,30,17,48,1,1,5.830274239,1.77067588,1.036493198
2022,5,Howard,168.08,57.3,40,14,21,41,4,0,2.19895288,1.064572426,0.715532286
2022,5,Rich,147.66,42.65,31,13,7,40,4,2,2.743259086,0.890973036,0.937866354
2022,5,Rouse,176.08,50.32,41,19,16,53,4,4,3.398251192,1.132750397,1.053259141
2022,5,Dave,210.34,65.31,44,19,26,63,6,0,2.61828204,1.071811361,0.964630225
2022,6,Boyce,186.5,52.98,36,17,18,53,4,4,2.88788222,1.019252548,1.000377501
2022,6,Ulmer,137.17,35.66,33,9,13,43,2,4,2.271452608,1.28996074,1.205832866
2022,6,Garth,154.08,47.32,40,18,17,47,3,3,3.423499577,1.204564666,0.993237532
2022,6,Chris,181.66,53.66,53,21,11,60,4,3,3.522176668,1.192694745,1.118151323
2022,6,Andy,188.5,47.98,40,18,10,53,1,10,3.376406836,1.042100875,1.104626928
2022,6,Sam,83.49,44.99,61,34,19,32,1,1,6.801511447,1.778172927,0.711269171
2022,6,Howard,110.58,36.31,47,24,10,40,2,4,5.948774442,1.569815478,1.101624897
2022,6,Rich,171.09,51.32,54,18,11,41,5,4,3.156664069,1.266562744,0.798908807
2022,6,Rouse,187.25,60.99,62,26,11,52,4,4,3.83669454,1.196917527,0.852598787
2022,6,Dave,275.75,77,61,13,12,71,10,0,1.519480519,0.948051948,0.922077922
2022,7,Boyce,136.5,42.99,36,17,14,37,4,2,3.558967202,1.163061177,0.860665271
2022,7,Ulmer,96.84,37.32,38,22,16,35,2,1,5.305466238,1.446945338,0.937834941
2022,7,Garth,212,59.98,41,14,11,51,7,2,2.100700233,0.866955652,0.850283428
2022,7,Chris,212.58,60.32,50,16,19,48,8,3,2.387267905,1.143899204,0.795755968
2022,7,Andy,100.74,35.98,39,22,14,37,1,3,5.503057254,1.473040578,1.028349083
2022,7,Sam,173.34,66.3,72,38,22,58,5,1,5.158371041,1.417797888,0.874811463
2022,7,Howard,151,62.99,69,43,27,57,4,1,6.143832354,1.524051437,0.904905541
2022,7,Rich,202.33,62.32,57,30,13,69,4,4,4.332477535,1.123234917,1.107188703
2022,7,Rouse,241.92,64.65,54,23,19,83,8,2,3.201856148,1.129156999,1.28383604
2022,7,Dave,221.75,66.99,51,21,14,67,7,0,2.821316614,0.970294074,1.000149276
2022,8,Boyce,190.25,57,46,18,27,58,5,2,2.842105263,1.280701754,1.01754386
2022,8,Ulmer,131.67,33.65,15,7,17,36,2,4,1.872213967,0.950965825,1.069836553
2022,8,Garth,127.58,45.33,41,27,20,50,2,2,5.360688286,1.345687183,1.103022281
2022,8,Chris,201.42,69.64,75,37,18,81,4,1,4.781734635,1.335439403,1.163124641
2022,8,Andy,191.08,54.32,55,24,12,58,5,5,3.976435935,1.233431517,1.067746686
2022,8,Sam,196.58,59.33,48,19,21,59,6,1,2.882184392,1.162986685,0.99443789
2022,8,Howard,209.83,67.32,46,23,34,61,6,1,3.07486631,1.18835413,0.906120024
2022,8,Rich,214.67,62.65,49,21,13,55,6,4,3.016759777,0.9896249,0.877893057
2022,8,Rouse,124.09,43.32,52,23,11,41,4,1,4.778393352,1.454293629,0.94644506
2022,8,Dave,271.09,76.32,41,19,16,78,9,0,2.240566038,0.746855346,1.022012579
2022,9,Boyce,190.84,63.32,52,28,22,58,6,1,3.979785218,1.168667088,0.915982312
2022,9,Ulmer,152.84,38.31,32,10,16,54,2,4,2.349256069,1.25293657,1.409553641
2022,9,Garth,157.08,46.33,42,20,13,50,4,3,3.885171595,1.187135765,1.079214332
2022,9,Chris,190.67,56.65,57,18,11,48,6,3,2.859664607,1.200353045,0.847308032
2022,9,Andy,107.42,38.66,44,22,13,33,2,3,5.121572685,1.474392137,0.853595447
2022,9,Sam,132.16,43.65,50,29,12,52,3,3,5.979381443,1.420389462,1.191294387
2022,9,Howard,110.66,43.66,54,23,18,39,3,0,4.74118186,1.649106734,0.893266148
2022,9,Rich,150.49,49.99,61,29,11,47,3,5,5.221044209,1.440288058,0.940188038
2022,9,Rouse,191.91,49.66,29,7,14,59,5,1,1.268626661,0.865888039,1.188078937
2022,9,Dave,192.24,57.99,59,19,10,63,6,0,2.948784273,1.189860321,1.086394206
2022,10,Boyce,185.5,57.99,49,27,15,67,4,2,4.190377651,1.103638558,1.155371616
2022,10,Ulmer,174,40.99,39,12,11,47,2,9,2.634788973,1.21980971,1.146621127
2022,10,Garth,192.5,52.98,44,12,12,57,4,3,2.038505096,1.057002643,1.07587769
2022,10,Chris,161.49,64.99,67,40,17,55,5,0,5.539313741,1.292506539,0.846284044
2022,10,Andy,154.25,43.99,38,12,13,40,4,3,2.455103433,1.159354399,0.909297568
2022,10,Sam,200.49,54.98,50,19,12,62,5,4,3.110221899,1.127682794,1.127682794
2022,10,Howard,184.08,52.32,35,11,18,48,6,1,1.892201835,1.012996942,0.917431193
2022,10,Rich,184.25,51.98,35,10,12,46,5,2,1.731435167,0.904193921,0.884955752
2022,10,Rouse,182.67,46.65,31,13,7,50,5,4,2.508038585,0.814576635,1.071811361
2022,10,Dave,224.34,70.31,67,25,17,72,7,0,3.200113782,1.194709145,1.02403641
2022,11,Boyce,166.51,51.98,40,22,22,55,5,1,3.809157368,1.192766449,1.058099269
2022,11,Ulmer,180,50.98,46,20,12,62,3,4,3.530796391,1.137701059,1.216163201
2022,11,Garth,113.09,39.3,50,25,9,47,2,2,5.72519084,1.501272265,1.195928753
2022,11,Chris,153.91,59.66,61,30,24,56,3,0,4.525645323,1.424740194,0.938652363
2022,11,Andy,133.25,38,37,20,14,46,3,4,4.736842105,1.342105263,1.210526316
2022,11,Sam,99.33,41.31,54,34,10,33,1,5,7.407407407,1.54926168,0.798838054
2022,11,Howard,143.17,56.65,62,29,18,55,2,0,4.607237423,1.412180053,0.970873786
2022,11,Rich,238.83,63.31,51,23,17,72,8,4,3.269625652,1.074079924,1.137261096
2022,11,Rouse,280.84,76.31,66,23,16,95,8,2,2.712619578,1.074564277,1.244922029
2022,11,Dave,272.5,81.99,68,26,18,78,10,0,2.854006586,1.048908403,0.951335529
2022,12,Boyce,264.66,68.65,43,20,25,85,8,3,2.62199563,0.990531682,1.238164603
2022,12,Ulmer,244.42,61.65,48,15,17,79,5,5,2.189781022,1.054339011,1.281427413
2022,12,Garth,219.33,65.31,48,22,20,56,5,5,3.031694993,1.041188179,0.857449089
2022,12,Chris,215.5,66.99,63,22,13,60,6,2,2.955665025,1.134497686,0.895656068
2022,12,Andy,118.58,38.33,40,26,17,36,2,6,6.104878685,1.487085834,0.939212105
2022,12,Sam,163.75,57.98,61,25,18,61,2,1,3.880648499,1.362538806,1.052086927
2022,12,Howard,242.92,70.65,60,25,17,73,7,3,3.184713376,1.089879689,1.033262562
2022,12,Rich,184.16,55.66,43,22,17,53,6,2,3.557312253,1.07797341,0.952209845
2022,12,Rouse,198.17,50.65,31,12,15,66,5,2,2.132280355,0.908193485,1.303060217
2022,12,Dave,207.42,66.66,53,24,12,53,8,0,3.240324032,0.97509751,0.795079508
2022,13,Boyce,209.66,65.66,50,28,28,77,5,1,3.837953092,1.187937862,1.172707889
2022,13,Ulmer,155.08,43.32,31,15,16,56,4,1,3.11634349,1.084949215,1.292705448
2022,13,Garth,210.17,62.65,54,22,20,50,5,6,3.160415004,1.181165204,0.798084597
2022,13,Chris,182.17,63.65,68,35,18,57,4,4,4.948939513,1.351139042,0.895522388
2022,13,Andy,141.92,44.65,40,20,15,44,2,4,4.031354983,1.231802912,0.985442329
2022,13,Sam,147.59,48.31,42,18,11,37,3,3,3.353342993,1.09708135,0.76588698
2022,13,Howard,190.59,63.32,58,29,23,61,6,1,4.121920404,1.279216677,0.963360708
2022,13,Rich,152.16,55.66,57,27,17,52,3,1,4.36579231,1.329500539,0.934243622
2022,13,Rouse,151.08,41.33,31,9,12,47,4,1,1.959835471,1.040406484,1.137188483
2022,13,Dave,201.34,63.32,55,18,13,52,7,0,2.558433354,1.073910297,0.821225521
2022,14,Boyce,185.42,60.64,63,30,26,81,4,0,4.452506596,1.4676781,1.335751979
2022,14,Ulmer,211.67,58.65,34,12,14,65,4,2,1.841432225,0.818414322,1.108269395
2022,14,Garth,152.84,43.32,41,17,11,43,3,5,3.531855956,1.200369344,0.992613112
2022,14,Chris,235.08,75.31,76,30,17,70,6,3,3.585181251,1.234895764,0.929491435
2022,14,Andy,94.33,31.32,31,18,13,29,2,3,5.172413793,1.404853129,0.925925926
2022,14,Sam,172,47.99,36,6,20,35,5,3,1.125234424,1.166909773,0.729318608
2022,14,Howard,172.42,58.65,62,36,15,69,4,2,5.524296675,1.312872975,1.176470588
2022,14,Rich,185.75,52.99,35,14,8,55,5,1,2.377807133,0.811473863,1.037931685
2022,14,Rouse,172.08,42.31,27,13,10,50,4,5,2.765303711,0.874497755,1.181753723
2022,14,Dave,238,68,50,19,20,74,8,0,2.514705882,1.029411765,1.088235294
2022,15,Boyce,336.75,95.98,97,47,28,108,9,0,4.40716816,1.302354657,1.125234424
2022,15,Ulmer,297.07,77.31,62,24,19,85,7,8,2.793946449,1.047729919,1.099469668
2022,15,Garth,253.68,81.64,79,34,19,80,6,3,3.748162665,1.200391965,0.979911808
2022,15,Chris,230,85.98,93,46,16,78,7,0,4.815073273,1.267736683,0.907187718
2022,15,Andy,215.17,67.65,65,31,21,64,4,6,4.124168514,1.271249076,0.946045824
2022,15,Sam,273.5,76.98,67,35,29,69,5,2,4.091971941,1.247077163,0.896336711
2022,15,Howard,271.92,91.65,88,37,27,87,6,2,3.633387889,1.254773595,0.949263502
2022,15,Rich,242.67,85.65,89,45,19,88,5,2,4.72854641,1.260945709,1.027437245
2022,15,Rouse,278.49,78.98,69,41,16,101,6,6,4.672068878,1.076221828,1.278804761
2022,15,Dave,381.17,114.65,93,34,29,111,13,0,2.668992586,1.064108155,0.968163977
2022,16,Boyce,205.74,58.99,48,16,15,63,7,0,2.44109171,1.067977623,1.067977623
2022,16,Ulmer,146.67,42.64,41,20,11,43,3,5,4.221388368,1.219512195,1.008442777
2022,16,Garth,122.42,44.65,39,24,18,41,2,2,4.83762598,1.276595745,0.91825308
2022,16,Chris,261.91,78.66,66,19,15,74,8,0,2.173913043,1.029748284,0.940757691
2022,16,Andy,85.26,31.98,31,18,12,23,1,3,5.065666041,1.344590369,0.7191995
2022,16,Sam,199.26,66.98,66,27,21,49,5,4,3.627948641,1.298895193,0.73156166
2022,16,Howard,209.76,66.97,60,23,17,61,6,1,3.09093624,1.149768553,0.910855607
2022,16,Rich,151,45.99,37,20,11,58,4,0,3.913894325,1.043705153,1.261143727
2022,16,Rouse,154.58,49.31,36,20,11,53,2,2,3.650375177,0.953153519,1.074832691
2022,16,Dave,224.33,68.33,53,22,17,59,9,0,2.897702327,1.024440217,0.863456754
2022,17,Boyce,172.34,53.31,46,18,22,53,6,0,3.038829488,1.275558057,0.994184956
2022,17,Ulmer,179.91,45.66,28,9,11,39,4,6,1.773981603,0.85413929,0.85413929
2022,17,Garth,148.09,45.32,46,24,15,41,4,5,4.766107679,1.345984113,0.904677846
2022,17,Chris,152.42,52.66,52,23,11,51,4,0,3.930877326,1.196353969,0.968477022
2022,17,Andy,199.84,59.32,50,22,16,51,5,5,3.337828726,1.112609575,0.859743763
2022,17,Sam,185.58,57.33,51,21,14,55,5,2,3.296703297,1.133786848,0.959358102
2022,17,Howard,210.42,63.66,51,18,16,60,7,0,2.544769086,1.052466227,0.942507069
2022,17,Rich,157.18,48.64,52,21,4,51,4,2,3.885690789,1.151315789,1.048519737
2022,17,Rouse,183.25,55,51,19,16,56,5,2,3.109090909,1.218181818,1.018181818
2022,17,Dave,202.59,64.32,57,25,18,68,6,0,3.498134328,1.166044776,1.05721393
2022,18,Boyce,282.33,75.33,50,14,22,88,9,0,1.672640382,0.955794504,1.168193283
2022,18,Ulmer,154,49.98,47,22,17,48,2,4,3.961584634,1.280512205,0.960384154
2022,18,Garth,177.51,45.98,39,14,11,66,5,1,2.740321879,1.087429317,1.435406699
2022,18,Chris,166.41,52.66,48,17,15,56,4,0,2.905431067,1.196353969,1.06342575
2022,18,Andy,124.66,45.65,52,30,14,42,2,4,5.91456736,1.445783133,0.920043812
2022,18,Sam,153.67,42.66,40,15,14,48,4,3,3.164556962,1.265822785,1.125175809
2022,18,Howard,238.76,76.97,63,28,24,75,6,1,3.274002858,1.130310511,0.974405613
2022,18,Rich,171.35,59.3,50,29,20,54,4,2,4.401349073,1.180438449,0.910623946
2022,18,Rouse,150.5,49.98,37,20,21,50,3,1,3.601440576,1.160464186,1.00040016
2022,18,Dave,203.33,72.31,75,32,19,54,8,0,3.982851611,1.299958512,0.746784677
2022,19,Boyce,249.17,78.65,52,27,24,77,7,0,3.089637635,0.966306421,0.979020979
2022,19,Ulmer,159.41,45.65,41,17,12,49,3,4,3.351588171,1.161007667,1.073384447
2022,19,Garth,168.49,54.99,42,20,22,42,5,2,3.273322422,1.163847972,0.763775232
2022,19,Chris,264.25,78.99,55,21,16,66,10,0,2.392707938,0.898847955,0.835548804
2022,19,Andy,121.75,31.99,29,10,8,41,3,2,2.813379181,1.156611441,1.281650516
2022,19,Sam,216.25,69.98,53,24,14,54,6,2,3.08659617,0.957416405,0.771649043
2022,19,Howard,144.92,50.66,40,25,13,44,4,1,4.441373865,1.046190288,0.868535334
2022,19,Rich,165.75,44.99,35,9,10,48,6,0,1.800400089,1.000222272,1.066903756
2022,19,Rouse,146.5,40.98,31,16,13,54,3,2,3.513909224,1.073694485,1.317715959
2022,19,Dave,201.59,56.32,37,15,14,66,6,0,2.397017045,0.905539773,1.171875
2022,20,Boyce,217.17,59.66,44,15,18,76,6,0,2.262822662,1.039222259,1.27388535
2022,20,Ulmer,166.25,48.98,31,19,12,48,4,3,3.491220906,0.877909351,0.979991833
2022,20,Garth,137,40.99,34,12,12,44,3,1,2.634788973,1.122224933,1.073432545
2022,20,Chris,170,62.99,57,33,23,57,5,0,4.715034132,1.270042864,0.904905541
2022,20,Andy,131.67,45.65,49,26,9,46,2,3,5.125958379,1.270536692,1.007667032
2022,20,Sam,136.51,44.98,51,18,13,37,3,3,3.601600711,1.422854602,0.822587817
2022,20,Howard,160.33,45.32,34,9,12,37,4,3,1.78729038,1.015004413,0.816416593
2022,20,Rich,177.08,56.32,44,14,11,46,5,0,2.237215909,0.9765625,0.816761364
2022,20,Rouse,115.17,41.64,46,27,16,42,1,4,5.83573487,1.48895293,1.008645533
2022,20,Dave,171.09,56.32,47,23,18,61,3,1,3.675426136,1.154119318,1.083096591
2022,21,Boyce,210.25,60.98,50,23,13,78,6,0,3.394555592,1.033125615,1.279107904
2022,21,Ulmer,210.92,58.65,58,26,13,66,5,6,3.989769821,1.210571185,1.125319693
2022,21,Garth,145,51.99,52,27,14,52,4,0,4.673975765,1.269474899,1.000192345
2022,21,Chris,165.67,59.65,58,30,16,55,5,0,4.526404023,1.240569992,0.922045264
2022,21,Andy,133.84,43.32,44,28,18,43,2,6,5.817174515,1.431209603,0.992613112
2022,21,Sam,170.08,59.32,57,27,14,50,5,1,4.096426163,1.196898179,0.842886042
2022,21,Howard,233.92,61.65,43,17,12,59,7,5,2.481751825,0.892133009,0.95701541
2022,21,Rich,160.51,47.98,42,17,10,54,4,1,3.188828679,1.08378491,1.125468945
2022,21,Rouse,121.92,30.66,24,12,11,37,1,6,3.522504892,1.141552511,1.206784083
2022,21,Dave,244.75,71.99,67,22,10,67,9,1,2.750381997,1.069592999,0.930684817
2022,22,Boyce,266.49,73.99,60,21,16,92,8,0,2.554399243,1.027165833,1.243411272
2022,22,Ulmer,177.42,46.66,34,15,9,54,3,5,2.893270467,0.921560223,1.157308187
2022,22,Garth,125.66,41.65,34,16,12,42,3,0,3.457382953,1.104441777,1.008403361
2022,22,Chris,159.25,50.99,41,17,14,51,4,0,3.000588351,1.078642871,1.000196117
2022,22,Andy,106.58,34.32,34,16,7,25,1,5,4.195804196,1.194638695,0.728438228
2022,22,Sam,215.58,60.32,61,19,18,63,5,5,2.834880637,1.309681698,1.044429708
2022,22,Howard,146.74,46.98,44,20,11,38,4,3,3.831417625,1.170710941,0.808854832
2022,22,Rich,235.34,64.32,42,24,16,80,7,2,3.358208955,0.901741294,1.243781095
2022,22,Rouse,199.59,50.32,27,6,10,52,5,3,1.073131955,0.735294118,1.033386328
2022,22,Dave,215.91,65.66,53,17,14,54,6,2,2.330185806,1.020408163,0.82241852
2022,23,Boyce,181.33,56.32,46,22,20,65,4,1,3.515625,1.171875,1.154119318
2022,23,Ulmer,254.41,62.66,52,14,17,66,7,7,2.010852218,1.101180977,1.053303543
2022,23,Garth,187.17,61.65,57,33,21,72,3,3,4.817518248,1.265206813,1.167883212
2022,23,Chris,188.58,69.32,75,35,18,66,5,0,4.544143104,1.341604155,0.952106174
2022,23,Andy,98.26,33.98,37,22,6,37,2,2,5.826957034,1.265450265,1.088875809
2022,23,Sam,79.92,41.66,53,31,14,29,2,0,6.697071531,1.608257321,0.696111378
2022,23,Howard,197.59,69.32,79,31,18,60,6,1,4.024812464,1.399307559,0.865551068
2022,23,Rich,148.09,42.31,36,16,15,44,4,3,3.403450721,1.205388797,1.039943276
2022,23,Rouse,125.75,44,40,25,23,44,1,4,5.113636364,1.431818182,1
2022,23,Dave,192.42,55.65,39,16,16,61,5,1,2.587601078,0.988319856,1.096136568
2023,1,Boyce,345.84,98.32,95,32,31,128,6,0,2.92921074,1.281529699,1.30187144
2023,1,Chris,231.92,78.64,65,31,27,66,5,1,3.547812818,1.169888098,0.839267548
2023,1,Ulmer,216.49,57.99,44,15,24,66,4,5,2.327987584,1.172615968,1.138127263
2023,1,Rich,350.5,88.64,59,21,32,103,11,1,2.132220217,1.026624549,1.16200361
2023,1,Andy,222.43,70.64,62,38,31,76,3,7,4.841449604,1.316534541,1.07587769
2023,1,Sam,256.33,87.31,81,38,39,85,7,1,3.917077082,1.374413011,0.97354255
2023,1,Howard,200,75.31,94,57,25,80,3,3,6.811844377,1.58013544,1.062275926
2023,1,Rouse,225.92,66.65,55,27,26,75,5,4,3.645911478,1.215303826,1.12528132
2023,1,Garth,218.5,67,60,35,22,74,3,7,4.701492537,1.223880597,1.104477612
2023,1,Dave,219.67,81.3,81,43,27,75,3,2,4.760147601,1.328413284,0.922509225
2023,2,Boyce,145.58,50.33,51,24,14,52,4,0,4.291674945,1.291476257,1.033181005
2023,2,Chris,203.83,75.3,76,41,32,79,3,2,4.900398406,1.434262948,1.049136786
2023,2,Ulmer,116.67,31.66,30,16,8,41,2,4,4.548325963,1.200252685,1.295009476
2023,2,Rich,246.42,75.65,69,30,22,80,7,2,3.569068077,1.20290813,1.057501652
2023,2,Andy,143.58,42.32,44,23,11,46,2,6,4.891304348,1.299621928,1.086956522
2023,2,Sam,160.17,47.66,34,17,16,49,6,0,3.210239194,1.049097776,1.02811582
2023,2,Howard,162.42,66.65,67,34,26,50,3,1,4.591147787,1.395348837,0.750187547
2023,2,Rouse,200.58,50.33,30,11,21,64,6,2,1.967017683,1.01331214,1.271607391
2023,2,Garth,174.17,45.66,37,13,17,58,4,3,2.562417871,1.182654402,1.270258432
2023,2,Dave,136.75,51.99,62,29,13,49,4,0,5.020196192,1.442585113,0.94248894
2023,3,Boyce,211.01,61.98,60,24,16,71,5,3,3.48499516,1.226202001,1.145530816
2023,3,Chris,120.92,45.65,46,33,25,39,1,6,6.506024096,1.555312158,0.854326396
2023,3,Ulmer,128.42,46.65,51,32,14,56,1,3,6.173633441,1.39335477,1.200428725
2023,3,Rich,166.76,49.98,39,18,14,57,4,1,3.241296519,1.06042417,1.140456182
2023,3,Andy,108.08,32.32,31,13,14,33,2,3,3.620049505,1.392326733,1.021039604
2023,3,Sam,177.08,58.32,46,26,21,57,5,1,4.012345679,1.148834019,0.977366255
2023,3,Howard,94.41,37.66,43,23,14,39,2,0,5.496548062,1.51354222,1.035581519
2023,3,Rouse,236.33,63.33,39,18,17,74,6,3,2.55802937,0.884257066,1.168482552
2023,3,Garth,154.33,37.33,29,16,19,42,2,9,3.857487276,1.285829092,1.125100455
2023,3,Dave,169.51,63.98,53,33,19,57,4,0,4.642075649,1.125351672,0.890903407
2023,4,Boyce,197.58,59.32,56,22,11,69,4,2,3.337828726,1.129467296,1.163182738
2023,4,Chris,93,39.98,53,32,15,43,1,2,7.203601801,1.700850425,1.075537769
2023,4,Ulmer,157.58,46.32,47,22,14,50,5,3,4.274611399,1.316925734,1.079447323
2023,4,Rich,110.34,47.31,55,29,15,43,2,0,5.516804058,1.479602621,0.908898753
2023,4,Andy,188.83,50.32,48,15,6,49,5,5,2.682829889,1.073131955,0.973767886
2023,4,Sam,202.33,60.32,46,21,18,59,6,2,3.133289125,1.061007958,0.978116711
2023,4,Howard,117.83,42.31,44,16,16,36,3,0,3.403450721,1.418104467,0.85086268
2023,4,Rouse,170.16,47.66,38,18,10,45,3,6,3.399076794,1.007133865,0.944187998
2023,4,Garth,169.33,50.32,39,19,13,45,4,4,3.398251192,1.033386328,0.89427663
2023,4,Dave,187.43,66.63,60,29,27,71,3,0,3.917154435,1.305718145,1.065586072
2023,5,Boyce,167.76,56.98,62,31,15,66,4,1,4.896454896,1.351351351,1.158301158
2023,5,Chris,189.26,58.97,49,22,12,55,4,3,3.357639478,1.034424284,0.932677633
2023,5,Ulmer,115.33,38.33,37,20,17,43,1,3,4.696060527,1.408818158,1.121836681
2023,5,Rich,151.25,51,54,25,17,49,5,1,4.411764706,1.392156863,0.960784314
2023,5,Andy,144.75,38.99,34,11,11,30,2,7,2.539112593,1.154142088,0.769428058
2023,5,Sam,179.83,47.32,32,12,22,53,4,4,2.282333052,1.141166526,1.120033812
2023,5,Howard,252.48,81.98,58,28,24,70,7,1,3.073920468,1.000243962,0.853866797
2023,5,Rouse,114.42,37.65,41,19,16,48,2,1,4.541832669,1.513944223,1.274900398
2023,5,Garth,131.59,43.32,46,23,11,47,4,1,4.778393352,1.315789474,1.084949215
2023,5,Dave,195.84,68.31,69,29,13,59,6,0,3.820816864,1.200409896,0.863709559
2023,6,Boyce,276.25,81.99,64,28,19,94,8,0,3.073545554,1.012318575,1.146481278
2023,6,Chris,163.26,58.97,55,30,14,53,4,1,4.578599288,1.170086485,0.898762082
2023,6,Ulmer,188,59.99,60,27,18,58,4,4,4.050675113,1.300216703,0.966827805
2023,6,Rich,184.5,55.98,45,19,11,57,5,1,3.054662379,1.00035727,1.018220793
2023,6,Andy,264.01,65.98,39,17,15,68,7,7,2.31888451,0.818429827,1.030615338
2023,6,Sam,172.42,56.66,50,27,13,62,4,1,4.288739852,1.111895517,1.094246382
2023,6,Howard,159.58,52.32,43,13,20,39,3,2,2.236238532,1.20412844,0.745412844
2023,6,Rouse,195.74,49.99,44,18,21,59,5,6,3.24064813,1.300260052,1.180236047
2023,6,Garth,142.75,49.99,44,20,9,41,4,0,3.600720144,1.060212042,0.820164033
2023,6,Dave,174.92,58.64,63,28,20,56,4,3,4.297407913,1.415416098,0.954979536
2023,7,Boyce,245.42,76.66,61,39,18,102,6,0,4.578659014,1.030524393,1.330550483
2023,7,Chris,121.5,41.98,40,26,14,54,3,0,5.574082897,1.286326822,1.286326822
2023,7,Ulmer,129.66,43.66,44,20,14,40,3,2,4.122766835,1.328447091,0.916170408
2023,7,Rich,174.75,65.97,74,41,29,62,6,1,5.593451569,1.56131575,0.939821131
2023,7,Andy,96.34,31.31,33,15,9,26,2,3,4.311721495,1.341424465,0.830405621
2023,7,Sam,200.34,51.32,37,7,9,54,6,2,1.227591582,0.896336711,1.052221356
2023,7,Howard,214.83,59.33,53,15,11,55,7,3,2.275408731,1.078712287,0.927018372
2023,7,Rouse,191.84,54.32,52,20,16,68,3,4,3.313696613,1.251840943,1.251840943
2023,7,Garth,114.41,39.65,36,19,17,37,3,1,4.312736444,1.336696091,0.933165195
2023,7,Dave,163.6,61.3,66,34,17,52,4,2,4.991843393,1.353996737,0.848287113
2023,8,Boyce,219.42,72.66,69,31,26,78,6,0,3.839801817,1.3074594,1.073492981
2023,8,Chris,100.75,41.98,44,30,17,36,2,2,6.431634111,1.453072892,0.857551215
2023,8,Ulmer,142.74,43.99,42,18,19,50,2,3,3.682655149,1.386678791,1.13662196
2023,8,Rich,146.67,57.64,54,38,24,59,3,1,5.933379598,1.353226926,1.023594726
2023,8,Andy,136.01,37.98,31,13,11,36,2,5,3.08056872,1.105845182,0.947867299
2023,8,Sam,151.58,59.3,67,35,26,59,4,0,5.311973019,1.568296796,0.994940978
2023,8,Howard,193.17,69.65,79,33,23,69,5,0,4.264178033,1.464465183,0.990667624
2023,8,Rouse,225.42,60.66,52,20,17,71,6,4,2.96735905,1.137487636,1.170458292
2023,8,Garth,158,48,40,17,18,48,4,2,3.1875,1.208333333,1
2023,8,Dave,150.18,55.64,55,27,23,46,3,2,4.36736161,1.401869159,0.82674335
2023,9,Boyce,225.17,64.66,50,17,18,71,7,0,2.366223322,1.05165481,1.098051345
2023,9,Chris,172.92,52.64,38,20,21,46,4,4,3.419452888,1.120820669,0.873860182
2023,9,Ulmer,180.17,61.64,55,24,21,41,6,2,3.50421804,1.232965607,0.665152498
2023,9,Rich,102.09,36.32,39,18,12,36,3,0,4.460352423,1.404185022,0.991189427
2023,9,Andy,181.67,44.65,36,6,12,46,4,5,1.209406495,1.075027996,1.030235162
2023,9,Sam,197.76,55.98,40,19,19,61,5,3,3.054662379,1.053947839,1.089674884
2023,9,Howard,199.24,57.98,40,18,23,62,5,2,2.79406692,1.08658158,1.069334253
2023,9,Rouse,168.59,51.32,52,26,15,61,4,3,4.559625877,1.305533905,1.188620421
2023,9,Garth,116.42,40.64,51,31,12,42,2,5,6.86515748,1.55019685,1.033464567
2023,9,Dave,216.49,73.99,58,33,26,67,5,2,4.014055954,1.135288553,0.905527774
2023,10,Boyce,155.75,55.98,49,27,22,59,3,0,4.340836013,1.268310111,1.053947839
2023,10,Chris,168.84,53.3,40,21,28,54,2,4,3.545966229,1.275797373,1.013133208
2023,10,Ulmer,162.75,43.99,40,14,13,57,2,4,2.864287338,1.204819277,1.295749034
2023,10,Rich,119.17,43.66,55,28,9,43,4,1,5.771873568,1.465872652,0.984883188
2023,10,Andy,134.17,36.65,32,14,10,44,2,4,3.43792633,1.145975443,1.200545703
2023,10,Sam,192.92,64.64,58,31,23,58,7,1,4.316212871,1.253094059,0.897277228
2023,10,Howard,147.67,59.64,71,40,15,55,2,3,6.036217304,1.441985245,0.922199866
2023,10,Rouse,199.25,56.99,39,17,16,56,5,3,2.684681523,0.965081593,0.982628531
2023,10,Garth,67.91,23.66,33,17,6,24,1,3,6.466610313,1.648351648,1.014370245
2023,10,Dave,174.84,57.31,47,19,21,42,5,2,2.983772466,1.186529402,0.732856395
2023,11,Boyce,170.34,61.32,57,33,21,56,6,0,4.843444227,1.272015656,0.913242009
2023,11,Chris,95.59,42.31,46,31,9,45,0,1,6.594185772,1.299929095,1.06357835
2023,11,Ulmer,153.91,48.66,43,20,20,43,4,3,3.699136868,1.294697904,0.883682696
2023,11,Rich,133.42,38.65,30,12,15,46,4,0,2.794307891,1.164294955,1.190168176
2023,11,Andy,113.33,34.32,31,16,11,32,2,4,4.195804196,1.223776224,0.932400932
2023,11,Sam,158.67,55.65,67,30,23,57,3,3,4.851752022,1.617250674,1.02425876
2023,11,Howard,153.75,47.98,44,20,17,44,5,2,3.751563151,1.271363068,0.91704877
2023,11,Rouse,192.58,58.32,59,21,20,53,7,2,3.240740741,1.354595336,0.90877915
2023,11,Garth,179.5,48.99,38,20,14,60,4,4,3.674219228,1.06144111,1.224739743
2023,11,Dave,204.18,66.62,58,28,16,58,6,2,3.782647853,1.110777544,0.870609427
2023,12,Boyce,215.33,60.33,51,18,15,73,7,0,2.685231228,1.093983093,1.210011603
2023,12,Chris,159.91,57.65,58,28,19,52,3,2,4.371205551,1.335646141,0.901994796
2023,12,Ulmer,231.75,57,49,17,12,70,6,6,2.684210526,1.070175439,1.228070175
2023,12,Rich,217.25,74.98,71,32,14,74,5,0,3.841024273,1.133635636,0.986929848
2023,12,Andy,160.59,44.32,28,9,19,35,2,6,1.827617329,1.060469314,0.789711191
2023,12,Sam,211.75,71.98,66,30,19,63,7,0,3.751041956,1.180883579,0.875243123
2023,12,Howard,211.33,64.33,54,21,14,64,7,0,2.937976061,1.057049588,0.994870201
2023,12,Rouse,183.58,57.31,62,32,17,68,3,5,5.025300995,1.378467981,1.186529402
2023,12,Garth,134.58,38.31,34,12,11,38,2,4,2.819107283,1.174628034,0.991908118
2023,12,Dave,175.42,60.66,59,29,16,61,5,0,4.302670623,1.236399604,1.005605012
2023,13,Boyce,226.16,69.65,63,30,17,77,8,0,3.876525485,1.148600144,1.105527638
2023,13,Chris,83.67,34.66,43,21,15,38,1,0,5.452971725,1.673398731,1.096364686
2023,13,Ulmer,197.33,51.31,49,21,13,66,5,5,3.683492497,1.208341454,1.286298967
2023,13,Rich,191.92,61.66,54,24,15,61,6,0,3.503081414,1.119039896,0.98929614
2023,13,Andy,105.5,43.99,43,31,17,37,1,3,6.342350534,1.363946351,0.84110025
2023,13,Sam,110.42,42.66,47,26,10,42,3,0,5.485232068,1.336146273,0.984528833
2023,13,Howard,135.67,43.65,53,24,17,50,4,2,4.948453608,1.603665521,1.145475372
2023,13,Rouse,170.17,45.65,31,16,9,55,4,3,3.154435926,0.876232202,1.204819277
2023,13,Garth,133.9,43.65,38,24,15,59,2,1,4.948453608,1.214203895,1.351660939
2023,13,Dave,188.25,59.99,55,23,14,60,5,1,3.450575096,1.150191699,1.000166694
2023,14,Boyce,231.99,74.98,69,34,13,86,6,0,4.08108829,1.093624967,1.146972526
2023,14,Chris,240.33,77.31,69,23,17,73,6,0,2.677532014,1.112404605,0.94425042
2023,14,Ulmer,175.91,49.66,49,27,10,57,4,6,4.893274265,1.188078937,1.147805075
2023,14,Rich,204.5,60.99,46,15,4,47,8,0,2.213477619,0.819806526,0.770618134
2023,14,Andy,146.83,45.32,47,21,21,37,3,6,4.170344219,1.500441306,0.816416593
2023,14,Sam,181.83,63.31,69,35,19,58,6,2,4.975517296,1.389985784,0.916126994
2023,14,Howard,190.66,66.66,53,30,27,64,4,1,4.050405041,1.200120012,0.96009601
2023,14,Rouse,159.34,52.31,49,23,19,50,3,3,3.95717836,1.29994265,0.955840184
2023,14,Garth,201.16,49.65,34,12,18,68,3,5,2.175226586,1.047331319,1.36958711
2023,14,Dave,220.76,70.98,69,25,16,62,8,0,3.169907016,1.197520428,0.873485489
2023,15,Boyce,238.58,92.32,96,63,32,115,2,0,6.141681109,1.386481802,1.245667244
2023,15,Chris,279.08,84.32,80,44,22,83,7,3,4.696394687,1.209677419,0.984345351
2023,15,Ulmer,263.5,73.99,56,25,20,70,8,5,3.04095148,1.027165833,0.946073794
2023,15,Rich,254.41,89.65,96,48,19,101,6,0,4.818739543,1.282766313,1.126603458
2023,15,Andy,166.67,49.65,46,21,14,44,2,7,3.806646526,1.208459215,0.886203424
2023,15,Sam,262.01,87.31,82,45,30,82,8,2,4.638643912,1.282785477,0.939182224
2023,15,Howard,283.34,90.32,74,38,36,77,6,7,3.786536758,1.21789194,0.852524358
2023,15,Rouse,336.66,86.66,71,31,23,105,7,10,3.219478421,1.084698823,1.211631664
2023,15,Garth,238.16,71.64,61,34,31,83,3,7,4.271356784,1.284198772,1.158570631
2023,15,Dave,241.15,87.65,84,39,30,84,5,0,4.004563605,1.300627496,0.958357102
2023,16,Boyce,152.01,59.97,65,37,17,58,4,0,5.552776388,1.367350342,0.967150242
2023,16,Chris,165.66,50.65,49,25,17,53,4,4,4.44225074,1.303060217,1.046396841
2023,16,Ulmer,164.59,45.32,51,20,12,52,4,5,3.971756399,1.39011474,1.147396293
2023,16,Rich,194.33,55.33,44,16,8,58,7,0,2.60256642,0.939815652,1.048255919
2023,16,Andy,75.25,21.98,22,13,7,22,0,5,5.323020928,1.319381256,1.000909918
2023,16,Sam,115.25,45.98,48,29,21,41,3,1,5.676381035,1.500652458,0.89169204
2023,16,Howard,129.59,44.31,48,15,23,49,2,0,3.046716317,1.6023471,1.105845182
2023,16,Rouse,162.92,44.66,27,13,10,50,4,2,2.619793999,0.828481863,1.119570085
2023,16,Garth,134.01,37.98,34,17,20,48,2,4,4.028436019,1.421800948,1.263823065
2023,16,Dave,266.08,80.32,56,15,25,63,9,0,1.680776892,1.008466135,0.78436255
2023,17,Boyce,188.66,59.64,57,17,19,59,5,0,2.565392354,1.274312542,0.989268947
2023,17,Chris,142.25,46.98,48,21,15,47,3,2,4.022988506,1.340996169,1.000425713
2023,17,Ulmer,98.25,34.99,45,25,14,33,1,5,6.430408688,1.686196056,0.943126608
2023,17,Rich,229.92,67.66,53,19,18,67,8,0,2.527342595,1.049364469,0.990245344
2023,17,Andy,122.34,40.31,41,28,13,52,2,3,6.251550484,1.339617961,1.290002481
2023,17,Sam,199.92,73.65,68,38,33,68,6,0,4.643584521,1.371350984,0.923285811
2023,17,Howard,186,60.99,59,29,21,57,6,2,4.279390064,1.311690441,0.934579439
2023,17,Rouse,173.84,46.32,27,13,15,48,5,3,2.525906736,0.906735751,1.03626943
2023,17,Garth,173,56.98,53,30,13,52,5,3,4.738504739,1.158301158,0.912600913
2023,17,Dave,200.83,67.32,61,23,11,55,6,0,3.07486631,1.069518717,0.816993464
2023,18,Boyce,177,70.99,80,43,20,64,5,0,5.451472038,1.408649106,0.901535428
2023,18,Chris,208.17,59.66,56,21,14,63,7,2,3.167951726,1.173315454,1.055983909
2023,18,Ulmer,188.5,56.98,50,20,18,73,4,0,3.159003159,1.193401193,1.281151281
2023,18,Rich,200.91,62.66,51,20,12,60,6,0,2.872646026,1.005426109,0.957548675
2023,18,Andy,125.34,32.32,26,11,10,35,2,5,3.063118812,1.113861386,1.082920792
2023,18,Sam,146.66,55.66,55,27,21,47,4,0,4.36579231,1.365432986,0.844412504
2023,18,Howard,164.57,55.32,46,26,25,48,4,3,4.229934924,1.283441793,0.867678959
2023,18,Rouse,174.84,47.32,44,18,14,58,4,4,3.423499577,1.22569738,1.22569738
2023,18,Garth,132.84,41.31,45,19,11,47,2,3,4.139433551,1.35560397,1.137739046
2023,18,Dave,205.08,65.32,58,20,11,54,7,0,2.755664421,1.056338028,0.826699326
2023,19,Boyce,173.34,58.32,55,26,11,53,6,0,4.012345679,1.131687243,0.90877915
2023,19,Chris,152.25,61,69,43,22,62,3,2,6.344262295,1.491803279,1.016393443
2023,19,Ulmer,101.09,38.3,32,22,11,44,1,0,5.169712794,1.122715405,1.148825065
2023,19,Rich,109.83,48.32,64,29,14,37,3,0,5.401490066,1.614238411,0.765728477
2023,19,Andy,80.58,29.33,28,13,13,17,2,2,3.989089669,1.397886123,0.579611319
2023,19,Sam,165.75,52.99,49,26,22,60,5,1,4.415927533,1.339875448,1.132289111
2023,19,Howard,144.67,52.64,51,29,15,53,3,1,4.958206687,1.253799392,1.006838906
2023,19,Rouse,181.25,54,40,19,17,49,3,5,3.166666667,1.055555556,0.907407407
2023,19,Garth,149.74,48.98,46,23,23,54,2,3,4.226214782,1.408738261,1.102490813
2023,19,Dave,185.59,63.32,72,27,13,59,6,0,3.837650032,1.342387871,0.931775111
2023,20,Boyce,206.67,61.66,51,22,19,68,7,0,3.211157963,1.135257866,1.102821927
2023,20,Chris,194.17,57.65,51,26,17,61,6,3,4.058976583,1.179531657,1.05810928
2023,20,Ulmer,148.66,40.66,37,22,19,49,4,5,4.869650762,1.377274963,1.205115593
2023,20,Rich,189.42,55.65,46,17,7,59,6,0,2.749326146,0.952380952,1.060197664
2023,20,Andy,102.43,34.64,37,21,14,40,1,3,5.456120092,1.472286374,1.154734411
2023,20,Sam,183.75,50.99,43,13,14,65,5,0,2.294567562,1.117866248,1.274759757
2023,20,Howard,155.42,54.64,51,29,28,52,2,4,4.776720351,1.445827233,0.951683748
2023,20,Rouse,116.58,35.32,28,17,13,39,2,3,4.33182333,1.160815402,1.10419026
2023,20,Garth,139.67,44.65,40,18,16,44,3,2,3.628219485,1.254199328,0.985442329
2023,20,Dave,140.5,57.98,73,39,15,61,3,0,6.053811659,1.517764746,1.052086927
2023,21,Boyce,192.58,60.33,55,25,20,68,6,0,3.729487817,1.243162606,1.127134096
2023,21,Chris,115.84,42.32,44,25,22,44,3,1,5.316635161,1.559546314,1.039697543
2023,21,Ulmer,150.59,48.32,46,26,19,55,3,3,4.842715232,1.345198675,1.138245033
2023,21,Rich,146.42,47.65,51,18,12,45,5,0,3.399790136,1.322140609,0.944386149
2023,21,Andy,143.41,50.65,51,28,14,40,2,5,4.975320829,1.283316881,0.789733465
2023,21,Sam,174.76,62.98,50,25,31,50,5,0,3.572562718,1.286122579,0.793902826
2023,21,Howard,172.92,57.64,58,26,23,53,6,1,4.059680777,1.405274115,0.919500347
2023,21,Rouse,141.58,37.33,34,13,11,39,3,5,3.134208411,1.205464774,1.044736137
2023,21,Garth,148.34,54.31,56,32,14,48,2,4,5.302890812,1.288897072,0.883815135
2023,21,Dave,146.93,58.64,65,28,14,47,3,0,4.297407913,1.347203274,0.801500682
2023,22,Boyce,199.17,66.66,60,32,22,76,5,0,4.320432043,1.230123012,1.140114011
2023,22,Chris,103.57,37.32,44,18,15,37,3,0,4.340836013,1.580921758,0.991425509
2023,22,Ulmer,143.16,42.66,32,19,16,42,3,4,4.008438819,1.125175809,0.984528833
2023,22,Rich,205.32,60.32,53,18,21,70,5,1,2.685676393,1.226790451,1.160477454
2023,22,Andy,100.68,33.64,34,16,16,28,1,4,4.280618312,1.486325803,0.832342449
2023,22,Sam,200.09,67.31,59,35,20,79,5,0,4.679839548,1.173674045,1.173674045
2023,22,Howard,113.59,44.32,44,28,25,42,3,1,5.685920578,1.556859206,0.94765343
2023,22,Rouse,150.08,46.33,32,20,19,52,3,2,3.885171595,1.100798619,1.122382905
2023,22,Garth,81.84,36.32,46,28,10,37,0,2,6.938325991,1.54185022,1.018722467
2023,22,Dave,223,69.99,50,25,24,69,7,0,3.214744964,1.057293899,0.985855122
2023,23,Boyce,257.67,74.66,56,22,16,77,8,1,2.652022502,0.964371819,1.031342084
2023,23,Chris,131.33,40.32,37,12,9,40,4,0,2.678571429,1.140873016,0.992063492
2023,23,Ulmer,192.68,60.63,61,19,21,60,4,2,2.820385948,1.352465776,0.989609104
2023,23,Rich,134.25,45,48,30,13,52,3,3,6,1.355555556,1.155555556
2023,23,Andy,98.18,32.64,35,19,13,32,0,5,5.238970588,1.470588235,0.980392157
2023,23,Sam,175.5,63.99,54,37,30,77,3,0,5.203938115,1.31270511,1.203313018
2023,23,Howard,140.91,56.64,47,26,20,45,2,0,4.131355932,1.182909605,0.794491525
2023,23,Rouse,156.92,54.66,56,32,27,59,3,3,5.268935236,1.518477863,1.079399927
2023,23,Garth,159.5,44.99,40,10,12,40,3,4,2.000444543,1.155812403,0.889086464
2023,23,Dave,132.99,51.99,48,29,14,52,2,0,5.020196192,1.192537026,1.000192345
2023,24,Boyce,167.5,60.98,58,41,16,80,2,1,6.051164316,1.213512627,1.311905543
2023,24,Chris,107.17,39.66,42,17,16,38,2,0,3.857791225,1.462430661,0.958144226
2023,24,Ulmer,149.92,37.65,32,10,13,52,3,3,2.390438247,1.195219124,1.381142098
2023,24,Rich,157.51,44.98,33,14,15,43,5,2,2.801244998,1.067140952,0.955980436
2023,24,Andy,89.08,31.33,37,25,18,37,2,3,7.181615065,1.755505905,1.1809767
2023,24,Sam,136.25,48.98,45,29,26,50,5,0,5.328705594,1.449571254,1.020824826
2023,24,Howard,244,78.98,59,29,25,66,8,1,3.304634085,1.063560395,0.835654596
2023,24,Rouse,116.66,39.66,30,16,16,38,2,1,3.63086233,1.1598588,0.958144226
2023,24,Garth,180.41,53.66,52,22,15,61,4,3,3.689899366,1.248602311,1.136787179
2023,24,Dave,182.17,60.66,71,29,9,74,4,0,4.302670623,1.318826245,1.219914276
2024,1,Boyce,337.16,87.99,63,27,28,110,5,1,2.761677463,1.034208433,1.250142062
2024,1,Chris,313.5,98.99,87,46,33,87,9,2,4.18224063,1.212243661,0.878876654
2024,1,Rich,343.59,99.31,72,36,25,109,8,0,3.262511328,0.976739503,1.097573255
2024,1,Andy,250.41,73.65,53,18,26,73,4,4,2.199592668,1.072640869,0.991174474
2024,1,Sam,261.99,85.64,87,39,26,88,7,0,4.098552078,1.31947688,1.027557216
2024,1,Howard,272.09,88.29,70,31,27,92,6,0,3.160040775,1.098652169,1.042020614
2024,1,Ulmer,188.42,62.64,65,25,22,61,4,2,3.591954023,1.388888889,0.973818646
2024,1,Garth,265.17,76.66,71,27,25,98,6,2,3.169840856,1.252282807,1.278372032
2024,1,Dave,222.34,80.31,92,53,26,89,6,0,5.939484498,1.469306438,1.108205703
2024,1,Rouse,247.59,86.3,83,33,24,78,6,0,3.441483198,1.23986095,0.90382387
2024,2,Boyce,104.17,42.65,54,28,16,47,0,2,5.90855803,1.64126612,1.101992966
2024,2,Chris,130.67,45.66,42,21,18,43,3,1,4.139290407,1.314060447,0.94174332
2024,2,Rich,133.51,48.97,52,25,22,57,2,0,4.594649786,1.511129263,1.163977946
2024,2,Andy,148.75,49.99,45,22,20,53,2,2,3.960792158,1.300260052,1.060212042
2024,2,Sam,192.16,69.65,78,34,22,69,5,0,4.393395549,1.435750179,0.990667624
2024,2,Howard,178.16,73.64,66,45,36,67,4,0,5.499728408,1.385116784,0.909831613
2024,2,Ulmer,168.84,55.31,55,28,11,54,5,2,4.556138131,1.193274272,0.976315314
2024,2,Garth,162.41,41.65,28,11,13,45,4,4,2.37695078,0.984393758,1.080432173
2024,2,Dave,130.66,44.66,36,15,22,36,4,0,3.02283923,1.298701299,0.806090461
2024,2,Rouse,176.33,59.33,56,27,18,62,5,0,4.095735715,1.247261082,1.045002528
2024,3,Boyce,179.16,48.65,49,12,5,54,5,2,2.219938335,1.109969168,1.109969168
2024,3,Chris,222.58,69.31,51,19,22,56,6,2,2.467176454,1.053239071,0.807964219
2024,3,Rich,188.42,58.66,49,23,22,54,6,2,3.528810092,1.210364814,0.920559154
2024,3,Andy,182.25,48.98,40,18,13,60,4,4,3.307472438,1.082074316,1.224989792
2024,3,Sam,145.76,52.97,51,28,24,59,3,0,4.757409855,1.41589579,1.113838022
2024,3,Howard,194.93,63.63,54,18,19,51,6,0,2.545968883,1.147257583,0.801508722
2024,3,Ulmer,182.83,48.32,33,11,13,50,3,5,2.04884106,0.951986755,1.034768212
2024,3,Garth,143.33,48.32,54,25,22,49,4,2,4.656456954,1.572847682,1.014072848
2024,3,Dave,147.58,48.33,32,10,17,34,4,0,1.862197393,1.013863025,0.703496793
2024,3,Rouse,190.92,62.65,54,26,25,63,6,0,3.735035914,1.260973663,1.005586592
2024,4,Boyce,307,85.99,67,29,23,93,8,5,3.035236655,1.046633329,1.081521107
2024,4,Chris,151.83,56.32,67,34,21,74,1,1,5.433238636,1.5625,1.313920455
2024,4,Rich,126.76,49.97,51,33,24,50,2,2,5.94356614,1.50090054,1.00060036
2024,4,Andy,163.5,46.99,43,20,13,55,3,4,3.830602256,1.191742924,1.1704618
2024,4,Sam,129.41,39.66,25,15,20,44,4,0,3.403933434,1.134644478,1.109430156
2024,4,Howard,190.01,57.98,50,18,18,59,6,0,2.79406692,1.172818213,1.017592273
2024,4,Ulmer,210.51,63.98,52,19,20,47,5,5,2.672710222,1.125351672,0.734604564
2024,4,Garth,190.16,53.66,46,24,10,56,4,6,4.025344763,1.043607902,1.043607902
2024,4,Dave,179.58,54.32,40,15,11,44,5,2,2.485272459,0.938880707,0.810014728
2024,4,Rouse,203,61.99,50,20,26,67,4,2,2.903694144,1.226004194,1.080819487
2024,5,Boyce,206.08,55.33,44,18,13,69,6,2,2.927887222,1.030182541,1.247063076
2024,5,Chris,139.67,44.64,37,15,17,49,1,2,3.024193548,1.209677419,1.097670251
2024,5,Rich,235.17,61.65,29,13,13,71,6,2,1.897810219,0.681265207,1.151662612
2024,5,Andy,206.5,56,43,11,5,45,7,3,1.767857143,0.857142857,0.803571429
2024,5,Sam,149.5,51.98,43,21,13,50,3,0,3.636013851,1.077337437,0.961908426
2024,5,Howard,246.83,76.33,48,23,22,63,9,0,2.711908817,0.917070614,0.825363553
2024,5,Ulmer,184.33,53.32,40,19,14,58,4,3,3.207051763,1.012753188,1.087771943
2024,5,Garth,133.67,46.65,35,30,21,56,1,3,5.78778135,1.200428725,1.200428725
2024,5,Dave,152.17,52.66,49,24,25,55,4,0,4.101785036,1.40524117,1.044436005
2024,5,Rouse,141.91,47.66,50,23,9,47,4,1,4.343264792,1.237935376,0.986151909
2024,6,Boyce,164.33,51.32,43,23,11,49,4,3,4.033515199,1.052221356,0.954793453
2024,6,Chris,149.84,48.32,47,16,13,38,4,2,2.98013245,1.241721854,0.786423841
2024,6,Rich,204.42,56.66,49,20,8,62,8,1,3.176844335,1.006000706,1.094246382
2024,6,Andy,258.09,64.32,39,8,16,68,8,3,1.119402985,0.855099502,1.05721393
2024,6,Sam,223.75,62.98,47,27,14,77,5,4,3.858367736,0.968561448,1.222610352
2024,6,Howard,224.26,76.98,79,38,18,78,7,0,4.442712393,1.26006755,1.013250195
2024,6,Ulmer,94.83,38.31,49,33,21,36,2,4,7.752545027,1.827199165,0.939702428
2024,6,Garth,130.83,44.32,39,19,19,38,2,3,3.858303249,1.30866426,0.857400722
2024,6,Dave,188.25,69.98,58,29,23,57,4,0,3.729637039,1.157473564,0.814518434
2024,6,Rouse,140.25,51.98,42,22,17,43,3,0,3.809157368,1.135051943,0.827241247
2024,7,Boyce,185.42,60.64,52,24,13,61,5,0,3.562005277,1.071899736,1.005936675
2024,7,Chris,197.33,77.32,73,36,23,52,5,1,4.190377651,1.241593378,0.672529747
2024,7,Rich,219.34,68.32,60,20,18,68,5,1,2.634660422,1.141686183,0.995316159
2024,7,Andy,167,47.97,36,18,12,51,4,3,3.377110694,1.000625391,1.063164478
2024,7,Sam,137.99,49.99,42,20,18,38,3,1,3.600720144,1.200240048,0.76015203
2024,7,Howard,161.01,52.97,43,17,13,48,3,1,2.888427412,1.05720219,0.906173306
2024,7,Ulmer,215.5,56.99,58,16,10,59,7,4,2.526759081,1.193191788,1.035269345
2024,7,Garth,164.91,53.65,38,22,19,48,2,4,3.690587139,1.062441752,0.894687791
2024,7,Dave,147.83,52.31,46,16,14,46,2,0,2.752819729,1.14700822,0.879372969
2024,7,Rouse,169.25,53.99,56,30,11,61,4,3,5.000926097,1.24097055,1.129838859
2024,8,Boyce,232.59,75.31,61,37,24,91,3,3,4.421723543,1.128668172,1.208338866
2024,8,Chris,151.17,45.65,46,19,12,40,5,3,3.745892662,1.270536692,0.876232202
2024,8,Rich,197.25,62.98,56,25,15,70,5,0,3.572562718,1.127342013,1.111463957
2024,8,Andy,246.33,64.32,52,19,16,66,6,7,2.65858209,1.05721393,1.026119403
2024,8,Sam,208,61.99,46,20,18,69,5,1,2.903694144,1.032424585,1.113082755
2024,8,Howard,149.57,60.32,65,29,22,39,5,0,4.326923077,1.442307692,0.646551724
2024,8,Ulmer,176.25,49.99,47,14,16,48,5,3,2.520504101,1.26025205,0.960192038
2024,8,Garth,182.67,52.66,39,21,15,51,4,5,3.589061907,1.025446259,0.968477022
2024,8,Dave,240.92,74.65,61,25,20,77,7,0,3.01406564,1.08506363,1.031480241
2024,8,Rouse,135.91,45.66,38,19,17,39,2,3,3.745072273,1.20455541,0.85413929
2024,9,Boyce,171.49,52.99,50,26,18,50,5,4,4.415927533,1.283260993,0.943574259
2024,9,Chris,144.99,43.99,39,16,17,43,4,2,3.273471243,1.273016595,0.977494885
2024,9,Rich,179.34,55.3,48,25,10,73,3,1,4.068716094,1.048824593,1.320072333
2024,9,Andy,141.08,43.33,44,21,11,48,3,3,4.36187399,1.26932841,1.107777521
2024,9,Sam,246,71.98,63,27,19,77,7,3,3.37593776,1.139205335,1.069741595
2024,9,Howard,180.59,68.32,66,36,27,72,3,0,4.742388759,1.361241218,1.053864169
2024,9,Ulmer,140.42,45.65,44,21,9,36,4,3,4.140197152,1.161007667,0.788608981
2024,9,Garth,140.16,42.66,43,13,9,41,3,2,2.742616034,1.218940459,0.96108767
2024,9,Dave,166.99,54.99,50,20,12,55,4,0,3.273322422,1.127477723,1.000181851
2024,9,Rouse,146,43.98,29,21,13,53,2,3,4.297407913,0.954979536,1.205093224
2024,10,Boyce,166.59,59.3,54,34,21,63,5,0,5.160202361,1.264755481,1.062394604
2024,10,Chris,155.42,51.65,51,23,14,47,4,2,4.007744434,1.258470474,0.909970958
2024,10,Rich,156.83,53.32,53,28,13,62,4,0,4.726181545,1.237809452,1.162790698
2024,10,Andy,153.08,42.33,27,11,10,48,4,1,2.338766832,0.874084574,1.133947555
2024,10,Sam,151.84,56.32,49,29,13,50,3,1,4.634232955,1.100852273,0.887784091
2024,10,Howard,157.5,59.99,58,28,12,47,4,0,4.200700117,1.166861144,0.783463911
2024,10,Ulmer,185.08,57.32,44,18,17,39,5,4,2.82623866,1.064200977,0.680390789
2024,10,Garth,206.67,50.65,31,11,3,45,6,6,1.954590326,0.671273445,0.888450148
2024,10,Dave,181.51,60.98,60,30,16,68,5,0,4.427681207,1.246310266,1.115119711
2024,10,Rouse,127.09,48.3,62,34,13,51,2,3,6.335403727,1.552795031,1.055900621
2024,11,Boyce,147.08,51.32,50,24,15,46,3,2,4.208885425,1.266562744,0.896336711
2024,11,Chris,151.34,70.3,83,40,23,52,2,0,5.120910384,1.507823613,0.739687055
2024,11,Rich,192.67,60.65,56,25,14,66,6,0,3.709810387,1.154163232,1.088211047
2024,11,Andy,115.91,35.66,28,14,9,37,2,2,3.533370723,1.037577117,1.037577117
2024,11,Sam,178.42,52.65,44,17,19,53,5,2,2.905982906,1.196581197,1.006647673
2024,11,Howard,274.92,85.64,83,30,18,91,8,0,3.152732368,1.179355441,1.062587576
2024,11,Ulmer,138.16,51.64,60,30,16,43,3,3,5.228505035,1.471727343,0.832687839
2024,11,Garth,130.33,41.33,34,15,12,26,4,3,3.266392451,1.112992983,0.629082991
2024,11,Dave,129.84,42.32,35,13,15,41,3,0,2.764650284,1.18147448,0.968809074
2024,11,Rouse,217,64.98,55,25,21,66,7,2,3.462603878,1.169590643,1.015697138
2024,12,Boyce,174.17,60.65,64,26,14,56,5,0,3.858202803,1.286067601,0.923330585
2024,12,Chris,125.42,49.66,53,34,14,44,4,1,6.161900926,1.349174386,0.88602497
2024,12,Rich,143.59,49.31,49,28,14,58,4,0,5.110525248,1.277631312,1.176232002
2024,12,Andy,156.92,45.65,41,20,24,49,3,5,3.943044907,1.423877327,1.073384447
2024,12,Sam,172.59,55.32,46,26,17,59,4,2,4.229934924,1.138828633,1.066522054
2024,12,Howard,218,69.98,68,28,24,68,8,0,3.601028865,1.314661332,0.971706202
2024,12,Ulmer,216.75,61,44,18,7,54,7,3,2.655737705,0.836065574,0.885245902
2024,12,Garth,138.92,41.65,41,25,10,40,2,7,5.402160864,1.224489796,0.960384154
2024,12,Dave,148.91,65.65,88,43,23,62,3,0,5.894897182,1.690784463,0.944402133
2024,12,Rouse,185.25,53.98,29,10,14,41,6,1,1.667284179,0.79659133,0.759540571
2024,13,Boyce,170.01,64.98,68,37,20,65,3,1,5.12465374,1.35426285,1.000307787
2024,13,Chris,139.34,50.31,49,23,19,45,4,0,4.114490161,1.351619956,0.894454383
2024,13,Rich,237.09,73.32,54,25,17,74,7,0,3.068739771,0.968357883,1.009274414
2024,13,Andy,131.67,46.65,50,28,10,47,3,2,5.40192926,1.286173633,1.00750268
2024,13,Sam,181.92,63.65,61,31,18,64,5,0,4.383346426,1.241162608,1.005498822
2024,13,Howard,198.75,69.98,70,33,25,67,6,0,4.244069734,1.357530723,0.957416405
2024,13,Ulmer,191.32,68.32,66,34,20,68,5,0,4.478922717,1.258782201,0.995316159
2024,13,Garth,110.49,39.99,51,26,11,45,1,3,5.851462866,1.550387597,1.12528132
2024,13,Dave,118.91,42.66,41,21,20,39,4,0,4.430379747,1.429910924,0.914205345
2024,13,Rouse,146.92,56.64,63,32,20,54,3,1,5.084745763,1.46539548,0.953389831
2024,14,Boyce,206.25,63,55,28,18,79,5,1,4,1.158730159,1.253968254
2024,14,Chris,152.83,55.33,63,32,15,62,3,1,5.205132839,1.409723477,1.120549431
2024,14,Rich,137.75,49.99,54,28,23,54,4,0,5.041008202,1.540308062,1.080216043
2024,14,Andy,132.25,38.98,36,16,13,36,3,4,3.694202155,1.2570549,0.923550539
2024,14,Sam,193.09,59.31,52,26,9,59,6,2,3.945371775,1.028494352,0.994773225
2024,14,Howard,154.83,58.33,56,29,26,48,5,0,4.474541402,1.405794617,0.822904166
2024,14,Ulmer,202.58,73.32,69,38,22,74,5,0,4.664484452,1.241134752,1.009274414
2024,14,Garth,98.33,35.32,37,27,17,39,1,4,6.8799547,1.528878822,1.10419026
2024,14,Dave,201.09,69.31,61,26,24,63,5,0,3.3761362,1.226374261,0.908959746
2024,14,Rouse,148.67,49.65,41,18,17,46,2,2,3.262839879,1.168177241,0.926485398
2024,15,Boyce,271.59,69.32,39,17,21,81,7,2,2.207155222,0.865551068,1.168493941
2024,15,Chris,235.08,72.32,71,39,26,77,6,6,4.853429204,1.341261062,1.064712389
2024,15,Rich,271.93,86.64,73,40,26,91,8,0,4.155124654,1.14265928,1.050323176
2024,15,Andy,257.16,85.65,72,32,28,76,5,3,3.362521891,1.167542323,0.887332166
2024,15,Sam,241.59,83.32,73,35,20,69,7,1,3.780604897,1.116178589,0.828132501
2024,15,Howard,298.93,72.32,55,28,9,67,6,0,3.484513274,0.884955752,0.926438053
2024,15,Ulmer,212.09,85.31,90,44,35,66,6,0,4.641894268,1.465244403,0.773649045
2024,15,Garth,246.08,68.32,53,24,34,63,4,10,3.161592506,1.273419204,0.922131148
2024,15,Dave,179.25,71.99,88,48,23,69,6,0,6.000833449,1.541880817,0.958466454
2024,15,Rouse,248.67,73.65,54,20,24,69,6,3,2.443991853,1.059063136,0.936863544
2024,16,Boyce,185.67,60.65,58,26,18,62,6,0,3.858202803,1.253091509,1.022258862
2024,16,Chris,150.09,51.32,44,15,15,34,4,1,2.63055339,1.14964926,0.662509743
2024,16,Rich,141.75,49.97,54,20,19,50,3,0,3.602161297,1.460876526,1.00060036
2024,16,Andy,183.5,46.97,30,19,12,55,6,4,3.640621673,0.894187779,1.170960187
2024,16,Sam,242.25,72.98,55,25,20,71,8,1,3.083036448,1.027678816,0.972869279
2024,16,Howard,229.59,75.29,62,34,21,83,6,0,4.064284766,1.102404038,1.102404038
2024,16,Ulmer,185.67,61.65,57,23,19,50,7,0,3.357664234,1.232765612,0.811030008
2024,16,Garth,162.5,41.99,25,9,11,45,4,3,1.929030722,0.857346987,1.071683734
2024,16,Dave,123.5,51.98,57,29,27,48,1,1,5.021161985,1.616006156,0.923432089
2024,16,Rouse,145.5,43.99,32,19,16,46,3,3,3.887247102,1.091157081,1.045692203
2024,17,Boyce,163.08,57.31,51,34,14,67,4,0,5.339382307,1.134182516,1.16908044
2024,17,Chris,142.83,50.32,51,24,17,45,3,2,4.292527822,1.351351351,0.89427663
2024,17,Rich,103.59,44.3,44,23,19,38,1,0,4.67268623,1.422121896,0.85778781
2024,17,Andy,100.5,32.99,29,15,9,35,2,1,4.092149136,1.151864201,1.060927554
2024,17,Sam,212.42,68.66,60,26,21,50,8,2,3.408097874,1.179726187,0.728226041
2024,17,Howard,205.33,68.31,57,29,19,72,5,0,3.820816864,1.112575026,1.054018445
2024,17,Ulmer,108.18,55.62,73,44,23,54,1,0,7.1197411,1.725997843,0.970873786
2024,17,Garth,128.17,40.65,37,27,15,45,1,6,5.977859779,1.279212792,1.10701107
2024,17,Dave,165.58,55.31,43,23,18,57,4,0,3.742542036,1.102874706,1.030555053
2024,17,Rouse,172.17,56.66,54,30,12,67,4,1,4.765266502,1.164842923,1.182492058
2024,18,Boyce,138.91,54.65,54,35,19,43,3,3,5.763952425,1.335773102,0.786825252
2024,18,Chris,156.5,59.99,56,31,20,47,4,1,4.650775129,1.266877813,0.783463911
2024,18,Rich,132.33,48.32,59,29,9,62,2,0,5.401490066,1.407284768,1.283112583
2024,18,Andy,114.84,37.31,35,15,13,36,1,3,3.618332887,1.28651836,0.96488877
2024,18,Sam,200.33,57.32,53,16,15,63,7,0,2.512212142,1.186322401,1.099092812
2024,18,Howard,152.83,58.32,59,37,23,63,4,0,5.709876543,1.406035665,1.080246914
2024,18,Ulmer,207.76,70.97,61,28,18,57,7,0,3.550796111,1.1131464,0.803156263
2024,18,Garth,136.75,42.97,41,23,16,48,1,5,4.817314405,1.326506865,1.117058413
2024,18,Dave,149.92,47.66,46,15,21,55,3,0,2.832563995,1.40579102,1.154007554
2024,18,Rouse,179.5,50.99,49,19,13,51,6,3,3.353598745,1.215924691,1.000196117
2024,19,Boyce,195.82,62.32,58,32,22,73,5,2,4.621309371,1.283697047,1.171373556
2024,19,Chris,147.85,51.3,55,26,11,45,4,2,4.561403509,1.286549708,0.877192982
2024,19,Rich,149.09,61.31,65,32,20,55,2,0,4.697439243,1.386396999,0.897080411
2024,19,Andy,177.42,41.66,37,8,6,56,4,4,1.728276524,1.032165146,1.344215074
2024,19,Sam,169.83,54.32,47,21,19,57,5,0,3.479381443,1.215022091,1.049337261
2024,19,Howard,208.59,70.3,51,29,24,65,6,0,3.712660028,1.06685633,0.924608819
2024,19,Ulmer,172.5,56.99,40,24,20,51,6,0,3.790138621,1.052816284,0.894893841
2024,19,Garth,147.42,43.65,42,21,7,52,2,4,4.329896907,1.122565865,1.191294387
2024,19,Dave,163,55.98,47,19,11,46,4,0,3.054662379,1.036084316,0.821722044
2024,19,Rouse,134.33,41.33,37,20,7,52,3,1,4.355189935,1.064601984,1.258165981
2024,20,Boyce,143.33,61.32,70,43,20,57,3,1,6.311154599,1.467710372,0.929549902
2024,20,Chris,79.08,29.31,36,13,7,26,1,1,3.991811668,1.467076083,0.88706926
2024,20,Rich,100.17,36.65,40,12,10,29,2,0,2.946793997,1.36425648,0.791268759
2024,20,Andy,134.67,39.66,33,16,17,42,3,3,3.63086233,1.260716087,1.059001513
2024,20,Sam,156.34,53.32,46,28,14,60,4,0,4.726181545,1.12528132,1.12528132
2024,20,Howard,191.92,67.65,57,29,30,63,5,0,3.858093126,1.286031042,0.931263858
2024,20,Ulmer,155.5,52.99,50,21,20,52,4,0,3.5667107,1.321003963,0.98131723
2024,20,Garth,156.74,45.98,44,19,15,40,4,5,3.719008264,1.283166594,0.869943454
2024,20,Dave,202.41,70.65,57,29,18,58,6,0,3.694267516,1.061571125,0.820948337
2024,20,Rouse,127.25,42.97,52,26,17,51,2,3,5.445659763,1.605771468,1.186874564
2024,21,Boyce,141.16,44.65,46,18,8,35,5,2,3.628219485,1.209406495,0.78387458
2024,21,Chris,181.75,61.97,71,38,22,67,5,3,5.518799419,1.500726158,1.081168307
2024,21,Rich,131.75,46.98,40,24,19,50,3,0,4.597701149,1.255853555,1.064282673
2024,21,Andy,109.17,32.65,31,13,13,33,2,3,3.583460949,1.34762634,1.010719755
2024,21,Sam,176.17,63.65,55,38,21,73,4,0,5.373134328,1.194029851,1.146897093
2024,21,Howard,238.35,61.3,39,10,13,73,8,0,1.468189233,0.848287113,1.1908646
2024,21,Ulmer,187.68,66.63,62,22,18,54,4,0,2.971634399,1.200660363,0.810445745
2024,21,Garth,94.43,35.63,39,29,14,47,0,3,7.325287679,1.487510525,1.319113107
2024,21,Dave,184.08,63.33,66,31,17,63,4,2,4.405495026,1.310595294,0.994789199
2024,21,Rouse,206.42,65.64,62,23,23,73,3,2,3.153564899,1.294942108,1.112126752
2024,22,Boyce,201.33,62.31,57,24,17,70,6,0,3.466538276,1.187610335,1.123415182
2024,22,Chris,128.75,45.98,52,26,17,55,3,0,5.089169204,1.500652458,1.196172249
2024,22,Rich,168.42,59.66,61,28,18,61,4,0,4.223935635,1.324170298,1.02246061
2024,22,Andy,157.42,36.66,19,5,12,41,5,3,1.227495908,0.845608292,1.118385161
2024,22,Sam,226.33,69.33,50,20,18,60,8,0,2.596278667,0.980816385,0.865426222
2024,22,Howard,157.5,52.98,44,24,20,62,3,0,4.077010193,1.20800302,1.170252926
2024,22,Ulmer,236.91,69.66,58,16,15,70,7,0,2.067183463,1.047947172,1.00488085
2024,22,Garth,152.84,45.32,36,14,14,48,5,0,2.780229479,1.103265666,1.05913504
2024,22,Dave,133,47.99,59,26,13,50,4,0,4.876015837,1.500312565,1.041883726
2024,22,Rouse,118.01,39.98,37,20,15,46,2,1,4.502251126,1.300650325,1.150575288
2024,23,Boyce,209.84,59.31,57,23,19,70,6,3,3.490136571,1.281402799,1.18023942
2024,23,Chris,129.92,45.64,40,23,15,34,4,2,4.53549518,1.20508326,0.744960561
2024,23,Rich,143.75,49,44,18,11,42,4,0,3.306122449,1.12244898,0.857142857
2024,23,Andy,131.41,32.66,26,7,9,39,2,4,1.928965095,1.071647275,1.194121249
2024,23,Sam,178.92,55.66,43,18,14,56,5,0,2.910528207,1.024074739,1.006108516
2024,23,Howard,211.76,60.98,55,22,16,75,7,0,3.246966218,1.164316169,1.229911446
2024,23,Ulmer,162.83,56.33,50,23,16,48,5,0,3.674773655,1.171666963,0.852121427
2024,23,Garth,216.92,50.64,32,13,13,61,5,7,2.31042654,0.888625592,1.204581359
2024,23,Dave,82,41,53,29,11,29,2,0,6.365853659,1.56097561,0.707317073
2024,23,Rouse,167.17,51.65,46,24,22,51,5,3,4.181994192,1.316553727,0.987415295
2024,24,Boyce,265.66,77.65,60,24,18,82,7,2,2.781712814,1.004507405,1.056020605
2024,24,Chris,145.49,50.99,49,31,21,47,4,3,5.47166111,1.3728182,0.921749363
2024,24,Rich,197.58,53.33,31,9,10,58,6,0,1.518844928,0.76879805,1.087567973
2024,24,Andy,109,31,25,11,7,31,2,3,3.193548387,1.032258065,1
2024,24,Sam,166.84,56.31,51,26,17,57,5,0,4.155567395,1.207600781,1.012253596
2024,24,Howard,251.75,83.98,81,43,22,97,7,0,4.608240057,1.226482496,1.155036914
2024,24,Ulmer,179.59,54.32,42,13,17,53,5,0,2.153902798,1.086156112,0.975699558
2024,24,Garth,114.75,43.97,52,37,23,49,2,4,7.573345463,1.705708438,1.114396179
2024,24,Dave,150.68,46.64,44,22,12,56,4,1,4.245283019,1.200686106,1.200686106
2024,24,Rouse,217.67,60.65,51,21,15,69,5,4,3.116240725,1.088211047,1.137675185
2025,1,Boyce,315.09,84.31,67,25,18,83,7,9,2.668722571,1.008184083,0.984462104
2025,1,Chris,271.59,92.31,76,52,25,94,6,4,5.069873253,1.094139313,1.018307876
2025,1,Andy,231.66,72.65,48,25,30,82,3,2,3.097040606,1.073640743,1.128699243
2025,1,Garth,302.58,86.32,58,29,33,88,6,7,3.023632994,1.054216867,1.019462465
2025,1,Sam,225.83,76.32,69,38,31,72,3,6,4.481132075,1.310272537,0.943396226
2025,1,Howard,275.49,87.98,83,36,35,98,4,0,3.682655149,1.341213912,1.11388952
2025,1,Dave,245.75,79.98,68,29,28,82,5,0,3.263315829,1.200300075,1.025256314
2025,1,Ulmer,267.59,93.31,87,41,38,92,5,2,3.954560069,1.339620619,0.985960776
2025,1,Rich,230.34,83.31,76,43,35,86,2,0,4.645300684,1.332373064,1.032289041
2025,1,Rouse,200,63.99,52,25,14,64,3,3,3.516174402,1.031411158,1.000156274
2025,2,Boyce,203.42,55.65,42,13,19,64,4,3,2.102425876,1.096136568,1.150044924
2025,2,Chris,188.76,61.97,45,22,20,58,3,2,3.195094401,1.048894626,0.935936744
2025,2,Andy,166.92,58.65,51,31,22,60,2,3,4.757033248,1.244671782,1.023017903
2025,2,Garth,164.84,52.32,37,15,13,54,2,1,2.580275229,0.955657492,1.032110092
2025,2,Sam,215.09,53.32,31,10,10,67,5,3,1.68792198,0.768942236,1.256564141
2025,2,Howard,197.92,67.64,52,30,21,72,4,0,3.991720875,1.079243051,1.0644589
2025,2,Dave,174.67,57.66,57,22,21,58,4,1,3.433922997,1.352757544,1.005896635
2025,2,Ulmer,171.59,53.32,40,11,17,39,6,0,1.856714179,1.069017254,0.731432858
2025,2,Rich,227.66,66.66,47,10,21,58,7,0,1.350135014,1.02010201,0.870087009
2025,2,Rouse,149.09,42.32,35,17,18,37,5,4,3.615311909,1.252362949,0.874291115
2025,3,Boyce,226.66,59.65,57,17,15,66,4,7,2.56496228,1.207041073,1.106454317
2025,3,Chris,177.08,52.33,53,29,16,62,4,5,4.987578827,1.318555322,1.18478884
2025,3,Andy,143.67,41.65,36,15,20,41,3,4,3.241296519,1.344537815,0.984393758
2025,3,Garth,156.08,44.33,37,17,12,38,4,5,3.451387322,1.105346267,0.857207309
2025,3,Sam,175.83,43.33,33,12,9,56,4,4,2.492499423,0.969305331,1.292407108
2025,3,Howard,168.26,62.98,57,29,22,59,3,0,4.144172753,1.254366466,0.936805335
2025,3,Dave,247.49,83.98,77,40,29,89,6,1,4.286734937,1.262205287,1.059776137
2025,3,Ulmer,137.59,56.31,65,27,18,43,3,0,4.31539691,1.473983307,0.763629906
2025,3,Rich,207.58,76.31,68,45,35,75,7,0,5.307299174,1.349757568,0.98283318
2025,3,Rouse,153.17,48.65,41,26,21,51,1,6,4.809866393,1.274409044,1.048304214
2025,4,Boyce,217.67,52.66,40,13,14,69,5,5,2.221800228,1.025446259,1.310292442
2025,4,Chris,172.91,61.66,58,32,23,57,6,0,4.670775219,1.31365553,0.924424262
2025,4,Andy,120.09,42.32,37,18,14,39,2,1,3.827977316,1.20510397,0.921550095
2025,4,Garth,172.75,47.99,36,14,17,52,5,2,2.625546989,1.104396749,1.083559075
2025,4,Sam,130.59,50.31,52,34,21,49,2,3,6.082289803,1.451003777,0.973961439
2025,4,Howard,178.58,58.33,54,19,17,54,5,0,2.931596091,1.217212412,0.925767187
2025,4,Dave,178.25,53.99,48,13,17,44,6,1,2.167067976,1.203926653,0.814965734
2025,4,Ulmer,219.25,72.98,59,29,28,72,6,0,3.57632228,1.192107427,0.986571663
2025,4,Rich,97.83,44.32,50,27,20,35,2,0,5.482851986,1.579422383,0.789711191
2025,4,Rouse,184.41,50.66,51,21,8,54,5,5,3.730754047,1.164626925,1.065929728
2025,5,Boyce,177.41,52.65,52,20,17,58,4,3,3.418803419,1.310541311,1.101614435
2025,5,Chris,154.08,49.32,40,21,19,52,4,1,3.832116788,1.196269262,1.054339011
2025,5,Andy,162.09,46.32,39,15,10,51,2,4,2.914507772,1.057858377,1.101036269
2025,5,Garth,177.08,42.33,28,7,9,51,4,4,1.488306166,0.874084574,1.204819277
2025,5,Sam,138.08,48.31,59,30,20,47,2,5,5.588904989,1.6352722,0.972883461
2025,5,Howard,154.34,61.32,61,30,19,46,4,0,4.403131115,1.304631442,0.750163079
2025,5,Dave,168.17,53.66,48,21,18,47,4,3,3.522176668,1.229966455,0.875885203
2025,5,Ulmer,149.58,53.33,44,20,23,43,4,0,3.375210951,1.256328521,0.806300394
2025,5,Rich,200.58,69.32,66,27,23,55,7,0,3.505481823,1.28390075,0.793421812
2025,5,Rouse,132.67,45.65,54,29,14,44,2,5,5.717415115,1.489594743,0.963855422
2025,6,Boyce,130.5,38.98,36,24,12,51,2,4,5.541303232,1.231400718,1.308363263
2025,6,Chris,242,64.99,43,18,15,76,7,2,2.492691183,0.892444992,1.169410679
2025,6,Andy,170.83,48.32,44,17,14,50,4,4,3.166390728,1.200331126,1.034768212
2025,6,Garth,213.33,62.33,54,30,20,66,5,6,4.331782448,1.187229264,1.058880154
2025,6,Sam,155.51,55.98,65,32,21,65,1,3,5.144694534,1.536262951,1.161128975
2025,6,Howard,176.08,65.32,58,28,23,50,5,0,3.85793019,1.24004899,0.765462339
2025,6,Dave,180,58.99,58,25,18,54,6,1,3.814205798,1.288353958,0.915409391
2025,6,Ulmer,149.34,50.31,51,19,17,49,4,0,3.398926655,1.351619956,0.973961439
2025,6,Rich,138.91,50.65,47,22,20,42,4,0,3.909180652,1.322803554,0.829220138
2025,6,Rouse,161.16,41.66,29,7,13,43,4,3,1.512241959,1.008161306,1.032165146
2025,7,Boyce,132.49,44.98,45,21,17,52,2,1,4.201867497,1.378390396,1.156069364
2025,7,Chris,150.5,54.98,69,29,9,51,5,0,4.747180793,1.418697708,0.92761004
2025,7,Andy,171.25,45,34,13,13,50,3,5,2.6,1.044444444,1.111111111
2025,7,Garth,196.5,50.99,35,11,15,48,6,4,1.941557168,0.980584428,0.941361051
2025,7,Sam,103.51,38.97,36,24,16,45,2,0,5.542725173,1.334359764,1.154734411
2025,7,Howard,236.41,79.66,72,30,23,66,8,0,3.389404971,1.192568416,0.828521215
2025,7,Dave,177.59,56.32,52,16,17,53,5,0,2.556818182,1.225142045,0.941051136
2025,7,Ulmer,187.26,60.97,57,25,26,63,6,0,3.690339511,1.361325242,1.033295063
2025,7,Rich,191.57,64.32,59,32,22,54,8,1,4.47761194,1.259328358,0.839552239
2025,7,Rouse,151.75,42.99,28,11,13,36,3,4,2.30286113,0.953710165,0.837404047
2025,8,Boyce,241.26,62.97,49,19,18,84,5,4,2.715578847,1.06399873,1.333968556
2025,8,Chris,164.01,64.98,74,36,20,59,4,0,4.986149584,1.446598954,0.907971684
2025,8,Andy,114.5,27,17,5,9,26,3,4,1.666666667,0.962962963,0.962962963
2025,8,Garth,192.25,46,38,6,5,47,6,4,1.173913043,0.934782609,1.02173913
2025,8,Sam,182.26,53.98,52,16,15,48,5,3,2.667654687,1.241200445,0.889218229
2025,8,Howard,179.34,61.31,51,23,19,53,5,0,3.376284456,1.141738705,0.864459305
2025,8,Dave,183.08,59.32,57,26,16,62,5,1,3.944706676,1.230613621,1.045178692
2025,8,Ulmer,201.26,64.98,53,18,24,55,6,0,2.493074792,1.184979994,0.846414281
2025,8,Rich,214.5,63.98,55,17,17,63,6,1,2.391372304,1.125351672,0.984682713
2025,8,Rouse,177.83,50.32,32,17,10,43,4,5,3.040540541,0.834658188,0.854531002
2025,9,Boyce,184.33,54.32,51,25,17,58,4,5,4.142120766,1.251840943,1.067746686
2025,9,Chris,212.5,62.99,43,17,11,64,6,0,2.428956977,0.857278933,1.016034291
2025,9,Andy,137,29,17,3,7,35,3,5,0.931034483,0.827586207,1.206896552
2025,9,Garth,175.59,44.32,28,11,15,42,5,5,2.233754513,0.970216606,0.94765343
2025,9,Sam,189.58,55.32,42,17,15,61,4,2,2.765726681,1.030368764,1.102675343
2025,9,Howard,217.76,79.97,73,35,14,52,8,0,3.938977116,1.087907965,0.650243841
2025,9,Dave,121.26,42.97,45,26,20,44,3,2,5.445659763,1.512683267,1.023970212
2025,9,Ulmer,206.43,62.64,51,16,22,62,6,0,2.298850575,1.165389527,0.989782886
2025,9,Rich,251.26,66.98,43,14,22,81,8,0,1.881158555,0.970438937,1.209316214
2025,9,Rouse,149.91,48.65,52,26,11,43,3,5,4.809866393,1.294964029,0.883864337
2025,10,Boyce,137,41.98,43,20,9,40,3,4,4.287756074,1.238685088,0.952834683
2025,10,Chris,129.99,49.99,52,24,16,38,4,0,4.320864173,1.360272054,0.76015203
2025,10,Andy,121.42,37.66,34,20,17,45,4,1,4.77960701,1.354221986,1.194901753
2025,10,Garth,148.42,45.65,45,25,12,51,2,5,4.928806134,1.248630887,1.117196057
2025,10,Sam,148.17,50.66,41,27,19,42,4,3,4.796683774,1.184366364,0.829056455
2025,10,Howard,287.26,85.98,57,24,22,78,10,0,2.512212142,0.91881833,0.907187718
2025,10,Dave,211.33,57.33,50,13,12,63,6,2,2.040816327,1.081458224,1.098901099
2025,10,Ulmer,133.58,44.31,39,22,22,46,3,2,4.468517265,1.37666441,1.038140375
2025,10,Rich,188.32,67.32,59,34,21,61,6,0,4.545454545,1.18835413,0.906120024
2025,10,Rouse,179.33,55.33,52,23,14,57,4,3,3.741189228,1.192842942,1.030182541
2025,11,Boyce,169.41,47.66,39,17,14,49,5,3,3.210239194,1.112043642,1.02811582
2025,11,Chris,213.08,82.31,82,41,31,62,7,0,4.483051877,1.372858705,0.753249909
2025,11,Andy,136.25,33,34,9,5,47,2,4,2.454545455,1.181818182,1.424242424
2025,11,Garth,109.18,37.64,34,17,16,33,2,2,4.064824655,1.32837407,0.876726886
2025,11,Sam,86.92,43.65,44,37,27,41,1,1,7.628865979,1.626575029,0.939289805
2025,11,Howard,170.75,60.99,53,28,26,60,4,0,4.131824889,1.295294311,0.983767831
2025,11,Dave,196.17,66.65,54,28,28,57,6,1,3.780945236,1.230307577,0.855213803
2025,11,Ulmer,185.25,57.99,47,23,22,67,5,0,3.569580962,1.189860321,1.155371616
2025,11,Rich,196.09,69.3,66,34,19,60,7,0,4.415584416,1.226551227,0.865800866
2025,11,Rouse,128.84,41.32,36,15,12,40,3,1,3.267182962,1.161665053,0.968054211
2025,12,Boyce,170.25,52.97,46,19,21,53,3,3,3.228242401,1.264866906,1.000566358
2025,12,Chris,185.42,59.66,51,19,18,57,5,0,2.866242038,1.156553805,0.955414013
2025,12,Andy,128.58,37.32,26,13,15,30,4,3,3.135048232,1.098606645,0.803858521
2025,12,Garth,175.5,54.97,45,17,9,47,5,1,2.783336365,0.982354011,0.855011825
2025,12,Sam,136.59,50.3,49,24,12,42,4,0,4.294234592,1.212723658,0.83499006
2025,12,Howard,134.33,55.31,61,38,23,54,4,0,6.18333032,1.51871271,0.976315314
2025,12,Dave,200.91,62.65,60,31,13,64,7,2,4.453312051,1.165203512,1.021548284
2025,12,Ulmer,223.08,70.32,61,24,14,77,5,0,3.071672355,1.066552901,1.094994312
2025,12,Rich,173.09,58.31,54,20,21,51,5,0,3.086949065,1.286228777,0.874635569
2025,12,Rouse,130,42.99,44,22,14,45,1,4,4.605722261,1.349150965,1.046755059
2025,13,Boyce,222.92,60.66,45,18,18,79,5,2,2.670623145,1.038575668,1.302340917
2025,13,Chris,208.5,70,60,28,22,61,7,0,3.6,1.171428571,0.871428571
2025,13,Andy,144.5,36.99,29,6,11,31,3,5,1.459854015,1.081373344,0.838064342
2025,13,Garth,187.42,53.65,41,25,16,55,3,7,4.193849021,1.062441752,1.025163094
2025,13,Sam,118.08,43.32,47,28,14,42,2,3,5.817174515,1.408125577,0.969529086
2025,13,Howard,99,46.98,53,34,17,45,1,0,6.513409962,1.489995743,0.957854406
2025,13,Dave,180.59,57.32,57,20,22,62,4,1,3.140265178,1.378227495,1.081646895
2025,13,Ulmer,152.42,48.66,46,26,11,64,4,0,4.808877928,1.171393342,1.315248664
2025,13,Rich,191.91,58.66,50,12,17,55,5,0,1.841118309,1.142175247,0.937606546
2025,13,Rouse,175.91,49.66,33,13,10,52,5,1,2.356020942,0.865888039,1.047120419
2025,14,Boyce,139.08,42.32,40,23,13,46,2,5,4.891304348,1.252362949,1.086956522
2025,14,Chris,237,75.99,59,27,15,76,6,0,3.197789183,0.973812344,1.000131596
2025,14,Andy,103.75,33.99,28,16,13,33,1,3,4.236540159,1.206237129,0.970873786
2025,14,Garth,144.41,40.66,26,12,11,40,3,3,2.656173143,0.909985243,0.983767831
2025,14,Sam,142.84,43.31,50,17,18,47,2,4,3.532671438,1.570076195,1.085199723
2025,14,Howard,195.84,62.31,52,18,16,64,4,0,2.599903707,1.091317606,1.027122452
2025,14,Dave,192.92,66.65,60,29,17,59,6,0,3.915978995,1.155288822,0.885221305
2025,14,Ulmer,137.34,53.32,55,36,29,59,4,0,6.07651913,1.575393848,1.106526632
2025,14,Rich,172.5,60.99,63,28,17,62,4,0,4.131824889,1.311690441,1.016560092
2025,14,Rouse,197.25,50.98,42,17,5,57,5,5,3.001176932,0.921930169,1.118085524
2025,15,Boyce,316.76,91.97,77,41,30,110,10,3,4.012177884,1.163422855,1.196042188
2025,15,Chris,203.08,79.32,78,41,17,60,6,0,4.65204236,1.197680282,0.756429652
2025,15,Andy,247.5,60,36,9,8,52,7,7,1.35,0.733333333,0.866666667
2025,15,Garth,233.92,79.63,66,36,31,78,5,2,4.068818285,1.218133869,0.979530328
2025,15,Sam,281.5,78.98,64,23,26,76,7,6,2.620916688,1.139528995,0.962268929
2025,15,Howard,307.66,87.98,85,45,28,74,5,0,4.603318936,1.284382814,0.84110025
2025,15,Dave,249.74,93.98,96,46,29,90,5,0,4.405192594,1.330070228,0.957650564
2025,15,Ulmer,290.83,111.31,105,60,37,113,5,0,4.851316144,1.275716468,1.015182823
2025,15,Rich,372,98.32,91,34,25,76,12,1,3.112286412,1.179820993,0.772986168
2025,15,Rouse,228.75,69.99,60,30,17,65,5,4,3.857693956,1.100157165,0.928704101
2025,16,Boyce,156.42,45.66,38,13,19,51,3,2,2.562417871,1.248357424,1.11695138
2025,16,Chris,177.17,64.64,64,32,14,58,5,0,4.455445545,1.206683168,0.897277228
2025,16,Andy,91.83,31.33,41,15,11,29,2,2,4.308969039,1.659751037,0.925630386
2025,16,Garth,144.75,42.99,37,12,18,44,2,3,2.512212142,1.279367295,1.023493836
2025,16,Sam,180.08,45.32,22,11,13,47,6,3,2.184466019,0.772285966,1.037069726
2025,16,Howard,209.58,74.33,68,39,23,85,4,0,4.722184851,1.224270147,1.143549038
2025,16,Dave,106.42,51.65,59,37,22,43,2,0,6.447241045,1.568247822,0.832526621
2025,16,Ulmer,189.51,61.98,50,21,22,59,5,0,3.049370765,1.161665053,0.951919974
2025,16,Rich,143.58,47.32,44,22,15,48,4,1,4.184277261,1.246830093,1.014370245
2025,16,Rouse,211.74,50.99,33,18,18,64,3,9,3.177093548,1.000196117,1.255148068
2025,17,Boyce,138.41,44.66,38,21,9,45,3,2,4.231974922,1.05239588,1.007613077
2025,17,Chris,167.82,59.32,61,23,15,58,3,0,3.489548213,1.281186784,0.977747808
2025,17,Andy,124.25,32.99,25,15,10,43,2,4,4.092149136,1.060927554,1.30342528
2025,17,Garth,190.33,57.32,49,16,19,58,3,3,2.512212142,1.186322401,1.011863224
2025,17,Sam,141.58,44.32,37,20,12,38,3,4,4.061371841,1.105595668,0.857400722
2025,17,Howard,153.58,59.32,56,34,23,51,5,0,5.158462576,1.331759946,0.859743763
2025,17,Dave,167.51,61.96,62,28,28,67,2,0,4.06714009,1.452550032,1.081342802
2025,17,Ulmer,155.25,48.99,42,24,15,48,5,2,4.409063074,1.163502756,0.979791794
2025,17,Rich,183.33,61.32,53,23,17,52,4,2,3.375733855,1.141552511,0.848010437
2025,17,Rouse,106.5,39.99,40,24,14,36,2,2,5.401350338,1.350337584,0.900225056
2025,18,Boyce,165.17,50.64,51,25,17,53,4,4,4.443127962,1.342812006,1.046603476
2025,18,Chris,175.75,68.99,72,33,21,61,3,0,4.304971735,1.348021452,0.884186114
2025,18,Andy,138.42,39.66,35,18,12,38,2,6,4.084720121,1.185073122,0.958144226
2025,18,Garth,165.5,44,32,11,8,47,5,2,2.25,0.909090909,1.068181818
2025,18,Sam,147.76,46.97,31,18,20,40,3,3,3.449010006,1.085799446,0.851607409
2025,18,Howard,130.34,52.31,52,28,18,44,3,0,4.817434525,1.338176257,0.841139361
2025,18,Dave,161.58,65.32,75,38,20,54,5,0,5.2357624,1.454378445,0.826699326
2025,18,Ulmer,125.66,49.65,54,33,18,49,3,1,5.981873112,1.450151057,0.986908359
2025,18,Rich,167.01,55.98,64,25,18,55,5,1,4.019292605,1.46480886,0.982493748
2025,18,Rouse,178.18,60.63,59,26,19,60,3,2,3.859475507,1.286491836,0.989609104
2025,19,Boyce,130.33,41.32,36,22,12,37,4,3,4.791868345,1.161665053,0.895450145
2025,19,Chris,171,62.99,53,33,11,59,4,0,4.715034132,1.016034291,0.936656612
2025,19,Andy,148.08,42.32,32,20,15,44,4,4,4.253308129,1.110586011,1.039697543
2025,19,Garth,112.01,40.98,41,20,13,38,2,1,4.39238653,1.317715959,0.927281601
2025,19,Sam,168.34,49.32,35,17,7,46,5,2,3.102189781,0.851581509,0.932684509
2025,19,Howard,145.25,56.97,68,30,21,45,5,0,4.739336493,1.562225733,0.789889415
2025,19,Dave,115.41,50.65,54,31,17,48,1,0,5.508390918,1.4017769,0.947680158
2025,19,Ulmer,147.42,53.64,54,29,19,50,2,3,4.865771812,1.360924683,0.932140194
2025,19,Rich,208.5,67.99,59,25,17,60,6,1,3.309310193,1.117811443,0.882482718
2025,19,Rouse,153.67,48.65,47,21,15,54,2,3,3.884892086,1.274409044,1.109969168
2025,20,Boyce,217.59,56.31,44,19,15,75,6,3,3.036760788,1.047771266,1.331912627
2025,20,Chris,194.41,71.64,73,38,22,66,6,0,4.773869347,1.326074819,0.921273032
2025,20,Andy,159.09,50.32,38,24,21,44,4,4,4.292527822,1.172496025,0.874403816
2025,20,Garth,219.01,55.98,32,11,14,57,6,4,1.768488746,0.821722044,1.018220793
2025,20,Sam,204.76,60.98,51,23,22,75,4,2,3.394555592,1.197113808,1.229911446
2025,20,Howard,239,73.99,61,32,15,76,9,0,3.892417894,1.027165833,1.027165833
2025,20,Dave,119.08,50.32,53,30,30,44,3,0,5.365659777,1.649443561,0.874403816
2025,20,Ulmer,153.33,45.32,30,12,18,40,4,2,2.383053839,1.05913504,0.882612533
2025,20,Rich,182.33,53.32,47,19,15,58,6,1,3.207051763,1.162790698,1.087771943
2025,20,Rouse,69.5,25.99,31,18,11,32,1,1,6.233166603,1.616006156,1.231242786
2025,21,Boyce,221.17,62.64,55,16,19,62,5,4,2.298850575,1.181353768,0.989782886
2025,21,Chris,135.33,56.32,56,33,20,48,3,0,5.2734375,1.349431818,0.852272727
2025,21,Andy,82.83,30.33,29,18,11,24,3,1,5.341246291,1.318826245,0.791295747
2025,21,Garth,127.33,34.32,34,12,8,45,3,2,3.146853147,1.223776224,1.311188811
2025,21,Sam,136.92,42.66,37,17,12,48,2,2,3.58649789,1.148616971,1.125175809
2025,21,Howard,162.08,59.32,60,30,17,48,5,1,4.551584626,1.298044504,0.8091706
2025,21,Dave,119.5,49.98,60,32,22,48,3,0,5.762304922,1.640656263,0.960384154
2025,21,Ulmer,167.09,58.31,50,32,21,62,4,1,4.939118505,1.217629909,1.063282456
2025,21,Rich,155.84,62.31,75,37,11,57,4,0,5.344246509,1.380195795,0.914780934
2025,21,Rouse,203.42,59.65,52,25,9,77,4,2,3.772003353,1.02263202,1.29086337
2025,22,Boyce,176.42,46.66,44,14,17,46,4,6,2.700385769,1.307329619,0.985855122
2025,22,Chris,246.41,79.65,62,26,25,78,6,0,2.937853107,1.092278719,0.979284369
2025,22,Andy,95.16,36.66,39,24,11,32,3,1,5.89198036,1.363884343,0.872885979
2025,22,Garth,97.43,27.64,24,15,9,29,1,5,4.88422576,1.193921852,1.049204052
2025,22,Sam,169.92,59.64,58,26,23,50,4,2,3.923541247,1.358148893,0.838363514
2025,22,Howard,176.58,66.32,67,32,18,55,4,1,4.342581423,1.281664656,0.829312425
2025,22,Dave,193.58,67.33,57,29,20,68,4,0,3.876429526,1.143620971,1.009950988
2025,22,Ulmer,125.33,49.31,55,39,19,59,3,1,7.118231596,1.500709795,1.196511864
2025,22,Rich,107.83,46.32,57,29,13,38,3,0,5.634715026,1.511226252,0.820379965
2025,22,Rouse,34.75,16.98,30,24,13,24,0,3,12.72084806,2.532391048,1.413427562
2025,23,Boyce,155.74,44.99,37,20,10,55,1,5,4.000889086,1.044676595,1.222493888
2025,23,Chris,154.74,61.99,63,37,24,57,4,0,5.371834167,1.40345217,0.919503146
2025,23,Andy,129.92,47.66,49,26,8,49,2,1,4.909777591,1.195971465,1.02811582
2025,23,Garth,193.83,52.33,37,22,15,69,4,4,3.783680489,0.993693866,1.318555322
2025,23,Sam,212.5,53.99,25,12,13,65,4,4,2.000370439,0.703834043,1.203926653
2025,23,Howard,128.93,48.64,51,24,12,54,1,0,4.440789474,1.295230263,1.110197368
2025,23,Dave,138.41,54.64,67,35,16,55,4,0,5.765007321,1.519033675,1.00658858
2025,23,Ulmer,140.93,48.64,37,16,14,31,4,1,2.960526316,1.048519737,0.637335526
2025,23,Rich,174,51.99,35,16,17,56,4,1,2.769763416,1.000192345,1.077130217
2025,23,Rouse,196.25,58.98,43,25,16,56,4,5,3.814852492,1.000339098,0.949474398
2025,24,Boyce,181.33,59.33,54,25,16,58,4,2,3.792347885,1.179841564,0.97758301
2025,24,Chris,203,61.99,50,18,18,67,5,0,2.61332473,1.096951121,1.080819487
2025,24,Andy,120.76,45.98,45,27,18,37,2,3,5.284906481,1.37016094,0.804697695
2025,24,Garth,120.25,39.99,32,14,19,44,0,2,3.150787697,1.27531883,1.100275069
2025,24,Sam,128.24,41.98,52,20,15,45,1,4,4.287756074,1.595998094,1.071939019
2025,24,Howard,203.42,63.64,53,23,16,61,5,2,3.252671276,1.084223759,0.958516656
2025,24,Dave,180.84,54.32,40,18,12,60,5,0,2.982326951,0.957290133,1.104565538
2025,24,Ulmer,199.25,57.98,38,12,17,66,4,0,1.86271128,0.948602967,1.13832356
2025,24,Rich,120.5,43.99,45,27,15,41,2,3,5.523982723,1.363946351,0.932030007
2025,24,Rouse,155.25,44,39,19,10,56,2,4,3.886363636,1.113636364,1.272727273
2026,1,Boyce,71.08,42.33,36,20,12,44,2,1,4.252303331,1.133947555,1.039451925
2026,1,Chris,96.59,35.32,33,21,14,47,1,2,5.351075878,1.330690827,1.330690827
2026,1,Andy,56.49,21.99,22,11,12,25,1,0,4.502046385,1.546157344,1.1368804
2026,1,Garth,120.25,34.98,25,15,13,46,2,6,3.859348199,1.086335049,1.315037164
2026,1,Sam,101.25,37,39,25,18,54,2,0,6.081081081,1.540540541,1.459459459
2026,1,Howard,92.09,40.31,30,17,13,38,3,1,3.795584222,1.066732821,0.942694121
2026,1,Dave,86.58,55.97,53,24,25,68,3,1,3.859210291,1.393603716,1.214936573
2026,1,Ulmer,98.66,44.65,42,16,11,46,4,0,3.225083987,1.187010078,1.030235162
2026,1,Rich,109.84,33.98,31,15,11,42,3,3,3.97292525,1.236021189,1.236021189
2026,1,Rouse,112.41,27.99,14,5,11,36,2,3,1.607717042,0.893176134,1.286173633
2026,2,Boyce,215.84,69.98,54,19,20,69,7,2,2.443555302,1.057444984,0.985995999
2026,2,Chris,179.83,60.96,47,23,15,69,1,3,3.395669291,1.017060367,1.131889764
2026,2,Andy,118.5,44.99,30,14,19,50,4,1,2.800622361,1.089130918,1.11135808
2026,2,Garth,154.75,46.98,37,17,16,50,3,5,3.256704981,1.128139634,1.064282673
2026,2,Sam,189.75,52,18,3,7,64,5,0,0.519230769,0.480769231,1.230769231
2026,2,Howard,186.58,63.32,42,15,24,55,6,1,2.132027795,1.0423247,0.868603917
2026,2,Dave,220.5,72.98,66,33,28,79,6,1,4.069608112,1.288024116,1.082488353
2026,2,Ulmer,203.75,68.98,47,17,22,65,5,1,2.218034213,1.000289939,0.942302117
2026,2,Rich,141.75,53.98,59,35,24,55,2,3,5.835494628,1.537606521,1.018895887
2026,2,Rouse,93.17,37.64,34,21,18,35,1,3,5.021253985,1.381509033,0.929861849
2026,3,Boyce,160.25,49.98,39,18,20,62,2,1,3.241296519,1.180472189,1.240496198
2026,3,Chris,125.83,55.3,63,33,17,47,2,0,5.370705244,1.446654611,0.849909584
2026,3,Andy,146.5,48.32,41,20,24,61,2,2,3.725165563,1.345198675,1.262417219
2026,3,Garth,187.16,50.66,41,19,15,58,5,4,3.375444137,1.105408606,1.144887485
2026,3,Sam,131.33,44.98,30,13,20,42,1,2,2.601156069,1.111605158,0.933748333
2026,3,Howard,215.09,72.31,62,27,23,71,5,0,3.360531047,1.175494399,0.981883557
2026,3,Dave,136.83,51.32,49,24,25,48,3,0,4.208885425,1.44193297,0.935307872
2026,3,Ulmer,156.16,58.64,61,38,21,57,4,2,5.832196453,1.398362892,0.972032742
2026,3,Rich,145.24,52.64,59,29,15,58,3,2,4.958206687,1.405775076,1.101823708
2026,3,Rouse,214.92,62.66,35,18,20,64,5,2,2.585381424,0.877752952,1.021385254
2026,4,Boyce,191.16,67.97,69,42,26,87,4,3,5.561277034,1.397675445,1.27997646
2026,4,Chris,194.18,74.3,81,40,27,78,5,4,4.845222073,1.453566622,1.049798116
2026,4,Andy,188.84,61.97,41,19,27,64,5,4,2.75939971,1.097305148,1.032757786
2026,4,Garth,120.34,37.32,28,14,16,34,4,1,3.376205788,1.178992497,0.911039657
2026,4,Sam,163.66,68.99,65,38,28,58,5,2,4.95724018,1.348021452,0.840701551
2026,4,Howard,181.92,80.64,81,40,27,70,5,0,4.464285714,1.339285714,0.868055556
2026,4,Dave,137.58,61.31,56,25,19,55,3,0,3.669874409,1.22329147,0.897080411
2026,4,Ulmer,204.66,73.66,45,23,28,78,7,0,2.810209069,0.991039913,1.058919359
2026,4,Rich,184.01,64.98,67,36,21,67,5,3,4.986149584,1.35426285,1.031086488
2026,4,Rouse,196.33,62.32,52,25,16,60,5,2,3.610397946,1.09114249,0.962772786
2026,5,Boyce,117.42,48.64,47,25,20,40,2,0,4.625822368,1.377467105,0.822368421
2026,5,Chris,149.25,54.98,62,32,15,54,3,2,5.238268461,1.400509276,0.982175336
2026,5,Andy,150.32,50.32,57,26,25,49,3,4,4.650238474,1.629570747,0.973767886
2026,5,Garth,121.41,39.66,31,18,12,35,4,1,4.084720121,1.084215835,0.882501261
2026,5,Sam,155.34,50.31,45,20,5,42,4,2,3.577817531,0.993838203,0.834824091
2026,5,Howard,154.75,58.98,65,25,20,51,3,0,3.814852492,1.441166497,0.864699898
2026,5,Dave,169.09,63.32,56,32,21,58,4,0,4.548325963,1.216045483,0.915982312
2026,5,Ulmer,153.17,51.66,44,23,18,54,3,1,4.006968641,1.200154859,1.045296167
2026,5,Rich,159,55.98,53,31,17,48,4,3,4.98392283,1.250446588,0.857449089
2026,5,Rouse,186,53.99,49,13,13,56,6,0,2.167067976,1.148360808,1.037229117
