season,week,team_id,week_type,playoffs,hitting_points,pitching_points,team_points,manager
2021,1,1,long,0,340.0,267.83,607.8299999999999,Boyce
2021,1,2,long,0,374.0,206.76,580.76,Alex
2021,1,3,long,0,329.5,223.91,553.41,Garth
2021,1,4,long,0,249.5,378.43,627.9300000000001,Chris
2021,1,5,long,0,248.5,148.41,396.90999999999997,Andy
2021,1,6,long,0,330.5,183.34,513.84,Sam
2021,1,7,long,0,318.0,283.5,601.5,Howard
2021,1,8,long,0,281.0,224.17,505.16999999999996,Rich
2021,1,9,long,0,320.0,242.67000000000002,562.6700000000001,Rouse
2021,1,10,long,0,319.5,264.90999999999997,584.41,Dave
2021,2,1,normal,0,126.0,205.33,331.33000000000004,Boyce
2021,2,2,normal,0,226.0,195.32999999999998,421.33,Alex
2021,2,3,normal,0,179.0,120.17,299.17,Garth
2021,2,4,normal,0,179.0,158.42000000000002,337.42,Chris
2021,2,5,normal,0,171.5,158.92000000000002,330.42,Andy
2021,2,6,normal,0,265.5,170.92000000000002,436.42,Sam
2021,2,7,normal,0,221.5,253.42000000000002,474.92,Howard
2021,2,8,normal,0,169.0,187.0,356.0,Rich
2021,2,9,normal,0,190.5,111.16,301.65999999999997,Rouse
2021,2,10,normal,0,216.0,166.92000000000002,382.92,Dave
2021,3,1,normal,0,279.0,174.42000000000002,453.42,Boyce
2021,3,2,normal,0,163.0,147.84,310.84000000000003,Alex
2021,3,3,normal,0,203.5,171.5,375.0,Garth
2021,3,4,normal,0,146.0,186.66,332.65999999999997,Chris
2021,3,5,normal,0,204.0,159.0,363.0,Andy
2021,3,6,normal,0,195.0,142.08,337.08000000000004,Sam
2021,3,7,normal,0,208.0,189.41,397.40999999999997,Howard
2021,3,8,normal,0,219.5,257.09000000000003,476.59000000000003,Rich
2021,3,9,normal,0,188.0,140.51,328.51,Rouse
2021,3,10,normal,0,200.0,166.16,366.15999999999997,Dave
2021,4,1,normal,0,273.5,189.75,463.25,Boyce
2021,4,2,normal,0,247.0,126.0,373.0,Alex
2021,4,3,normal,0,211.5,193.25,404.75,Garth
2021,4,4,normal,0,196.5,218.75,415.25,Chris
2021,4,5,normal,0,257.5,94.17,351.67,Andy
2021,4,6,normal,0,223.5,157.91,381.40999999999997,Sam
2021,4,7,normal,0,228.5,149.67000000000002,378.17,Howard
2021,4,8,normal,0,142.0,154.07999999999998,296.08,Rich
2021,4,9,normal,0,246.5,173.0,419.5,Rouse
2021,4,10,normal,0,271.0,203.01,474.01,Dave
2021,5,1,normal,0,244.0,211.91,455.90999999999997,Boyce
2021,5,2,normal,0,215.0,106.09,321.09000000000003,Alex
2021,5,3,normal,0,180.5,143.51,324.01,Garth
2021,5,4,normal,0,240.5,124.75,365.25,Chris
2021,5,5,normal,0,216.5,135.07,351.57,Andy
2021,5,6,normal,0,259.5,164.66,424.15999999999997,Sam
2021,5,7,normal,0,212.0,201.34,413.34000000000003,Howard
2021,5,8,normal,0,129.5,140.75,270.25,Rich
2021,5,9,normal,0,258.5,157.67000000000002,416.17,Rouse
2021,5,10,normal,0,200.0,182.75,382.75,Dave
2021,6,1,normal,0,223.5,176.75,400.25,Boyce
2021,6,2,normal,0,260.5,167.17000000000002,427.67,Alex
2021,6,3,normal,0,225.5,228.66,454.15999999999997,Garth
2021,6,4,normal,0,218.5,181.17000000000002,399.67,Chris
2021,6,5,normal,0,248.5,148.84,397.34000000000003,Andy
2021,6,6,normal,0,238.5,161.5,400.0,Sam
2021,6,7,normal,0,220.5,202.09,422.59000000000003,Howard
2021,6,8,normal,0,141.5,120.08,261.58,Rich
2021,6,9,normal,0,225.5,174.16,399.65999999999997,Rouse
2021,6,10,normal,0,191.5,173.32999999999998,364.83,Dave
2021,7,1,normal,0,230.5,233.91,464.40999999999997,Boyce
2021,7,2,normal,0,263.0,161.75,424.75,Alex
2021,7,3,normal,0,166.5,115.67,282.17,Garth
2021,7,4,normal,0,226.5,266.92,493.42,Chris
2021,7,5,normal,0,303.0,129.34,432.34000000000003,Andy
2021,7,6,normal,0,206.0,125.5,331.5,Sam
2021,7,7,normal,0,199.5,127.59,327.09000000000003,Howard
2021,7,8,normal,0,167.0,152.91,319.90999999999997,Rich
2021,7,9,normal,0,216.0,196.0,412.0,Rouse
2021,7,10,normal,0,267.0,176.92000000000002,443.92,Dave
2021,8,1,normal,0,231.0,219.26,450.26,Boyce
2021,8,2,normal,0,185.0,201.42,386.41999999999996,Alex
2021,8,3,normal,0,160.5,141.75,302.25,Garth
2021,8,4,normal,0,143.0,210.09,353.09000000000003,Chris
2021,8,5,normal,0,202.0,140.51,342.51,Andy
2021,8,6,normal,0,195.5,99.0,294.5,Sam
2021,8,7,normal,0,152.5,245.59,398.09000000000003,Howard
2021,8,8,normal,0,117.5,126.67,244.17000000000002,Rich
2021,8,9,normal,0,212.0,230.01,442.01,Rouse
2021,8,10,normal,0,191.0,185.84,376.84000000000003,Dave
2021,9,1,normal,0,208.0,252.75,460.75,Boyce
2021,9,2,normal,0,260.5,161.42,421.91999999999996,Alex
2021,9,3,normal,0,130.0,132.49,262.49,Garth
2021,9,4,normal,0,214.0,159.5,373.5,Chris
2021,9,5,normal,0,242.5,117.49,359.99,Andy
2021,9,6,normal,0,185.5,114.24,299.74,Sam
2021,9,7,normal,0,262.5,164.17000000000002,426.67,Howard
2021,9,8,normal,0,230.5,154.58,385.08000000000004,Rich
2021,9,9,normal,0,218.5,176.0,394.5,Rouse
2021,9,10,normal,0,195.0,204.25,399.25,Dave
2021,10,1,normal,0,267.5,215.24,482.74,Boyce
2021,10,2,normal,0,225.0,135.25,360.25,Alex
2021,10,3,normal,0,209.5,177.91,387.40999999999997,Garth
2021,10,4,normal,0,204.0,177.17000000000002,381.17,Chris
2021,10,5,normal,0,246.5,78.42,324.92,Andy
2021,10,6,normal,0,195.5,104.59,300.09000000000003,Sam
2021,10,7,normal,0,229.0,155.17000000000002,384.17,Howard
2021,10,8,normal,0,124.0,149.42000000000002,273.42,Rich
2021,10,9,normal,0,199.5,154.92,354.41999999999996,Rouse
2021,10,10,normal,0,146.0,183.09,329.09000000000003,Dave
2021,11,1,normal,0,256.0,198.91,454.90999999999997,Boyce
2021,11,2,normal,0,218.0,107.91,325.90999999999997,Alex
2021,11,3,normal,0,216.5,209.08,425.58000000000004,Garth
2021,11,4,normal,0,205.5,216.17000000000002,421.67,Chris
2021,11,5,normal,0,245.5,175.67000000000002,421.17,Andy
2021,11,6,normal,0,252.0,150.75,402.75,Sam
2021,11,7,normal,0,291.0,107.83,398.83,Howard
2021,11,8,normal,0,197.5,141.59,339.09000000000003,Rich
2021,11,9,normal,0,226.5,173.24,399.74,Rouse
2021,11,10,normal,0,234.5,147.91,382.40999999999997,Dave
2021,12,1,normal,0,225.0,174.17000000000002,399.17,Boyce
2021,12,2,normal,0,216.5,142.75,359.25,Alex
2021,12,3,normal,0,213.5,155.0,368.5,Garth
2021,12,4,normal,0,211.0,258.83,469.83,Chris
2021,12,5,normal,0,241.5,170.66,412.15999999999997,Andy
2021,12,6,normal,0,240.0,138.16,378.15999999999997,Sam
2021,12,7,normal,0,206.0,180.01,386.01,Howard
2021,12,8,normal,0,185.5,202.25,387.75,Rich
2021,12,9,normal,0,211.0,180.32999999999998,391.33,Rouse
2021,12,10,normal,0,206.0,155.67000000000002,361.67,Dave
2021,13,1,normal,0,262.5,227.17000000000002,489.67,Boyce
2021,13,2,normal,0,284.0,112.42,396.42,Alex
2021,13,3,normal,0,282.5,186.34,468.84000000000003,Garth
2021,13,4,normal,0,222.5,134.42000000000002,356.92,Chris
2021,13,5,normal,0,185.0,146.51,331.51,Andy
2021,13,6,normal,0,201.5,165.5,367.0,Sam
2021,13,7,normal,0,269.0,165.25,434.25,Howard
2021,13,8,normal,0,204.5,91.83,296.33,Rich
2021,13,9,normal,0,263.5,153.34,416.84000000000003,Rouse
2021,13,10,normal,0,216.0,217.75,433.75,Dave
2021,14,1,normal,0,254.5,221.42000000000002,475.92,Boyce
2021,14,2,normal,0,238.0,151.07999999999998,389.08,Alex
2021,14,3,normal,0,207.0,188.5,395.5,Garth
2021,14,4,normal,0,232.0,135.99,367.99,Chris
2021,14,5,normal,0,245.5,140.75,386.25,Andy
2021,14,6,normal,0,237.0,153.16,390.15999999999997,Sam
2021,14,7,normal,0,232.5,141.92000000000002,374.42,Howard
2021,14,8,normal,0,228.0,184.16,412.15999999999997,Rich
2021,14,9,normal,0,198.5,175.34,373.84000000000003,Rouse
2021,14,10,normal,0,236.0,130.41,366.40999999999997,Dave
2021,15,1,long,0,318.5,275.83,594.3299999999999,Boyce
2021,15,2,long,0,340.0,203.91,543.91,Alex
2021,15,3,long,0,353.5,202.32999999999998,555.8299999999999,Garth
2021,15,4,long,0,381.5,268.18,649.6800000000001,Chris
2021,15,5,long,0,306.5,251.16,557.66,Andy
2021,15,6,long,0,372.0,243.32999999999998,615.3299999999999,Sam
2021,15,7,long,0,310.0,202.01,512.01,Howard
2021,15,8,long,0,263.5,164.42000000000002,427.92,Rich
2021,15,9,long,0,372.0,268.40999999999997,640.41,Rouse
2021,15,10,long,0,362.0,211.57999999999998,573.5799999999999,Dave
2021,16,1,normal,0,197.0,186.75,383.75,Boyce
2021,16,2,normal,0,269.5,140.5,410.0,Alex
2021,16,3,normal,0,186.5,179.17000000000002,365.67,Garth
2021,16,4,normal,0,241.5,162.92000000000002,404.42,Chris
2021,16,5,normal,0,169.0,147.25,316.25,Andy
2021,16,6,normal,0,261.5,178.99,440.49,Sam
2021,16,7,normal,0,215.0,157.57,372.57,Howard
2021,16,8,normal,0,133.5,105.75,239.25,Rich
2021,16,9,normal,0,249.5,116.66,366.15999999999997,Rouse
2021,16,10,normal,0,189.5,202.5,392.0,Dave
2021,17,1,normal,0,284.5,182.07999999999998,466.58,Boyce
2021,17,2,normal,0,211.5,202.84,414.34000000000003,Alex
2021,17,3,normal,0,247.0,198.67000000000002,445.67,Garth
2021,17,4,normal,0,228.0,77.0,305.0,Chris
2021,17,5,normal,0,192.0,146.08,338.08000000000004,Andy
2021,17,6,normal,0,199.0,154.0,353.0,Sam
2021,17,7,normal,0,248.5,198.66,447.15999999999997,Howard
2021,17,8,normal,0,153.0,91.59,244.59,Rich
2021,17,9,normal,0,279.5,231.99,511.49,Rouse
2021,17,10,normal,0,273.5,188.92,462.41999999999996,Dave
2021,18,1,normal,0,222.0,123.33,345.33,Boyce
2021,18,2,normal,0,261.0,101.83,362.83,Alex
2021,18,3,normal,0,242.5,158.42000000000002,400.92,Garth
2021,18,4,normal,0,253.5,186.82999999999998,440.33,Chris
2021,18,5,normal,0,243.0,158.16,401.15999999999997,Andy
2021,18,6,normal,0,264.0,96.75,360.75,Sam
2021,18,7,normal,0,201.0,120.33,321.33,Howard
2021,18,8,normal,0,143.5,72.83,216.32999999999998,Rich
2021,18,9,normal,0,274.0,181.17000000000002,455.17,Rouse
2021,18,10,normal,0,255.5,167.5,423.0,Dave
2021,19,1,normal,0,263.0,194.51,457.51,Boyce
2021,19,2,normal,0,207.5,141.5,349.0,Alex
2021,19,3,normal,0,246.5,161.09,407.59000000000003,Garth
2021,19,4,normal,0,228.5,162.01,390.51,Chris
2021,19,5,normal,0,171.5,143.42,314.91999999999996,Andy
2021,19,6,normal,0,246.0,194.83,440.83000000000004,Sam
2021,19,7,normal,0,233.0,146.59,379.59000000000003,Howard
2021,19,8,normal,0,204.5,157.67000000000002,362.17,Rich
2021,19,9,normal,0,216.0,182.43,398.43,Rouse
2021,19,10,normal,0,221.5,196.57999999999998,418.08,Dave
2021,20,1,normal,0,229.0,168.5,397.5,Boyce
2021,20,2,normal,0,261.0,225.42000000000002,486.42,Alex
2021,20,3,normal,0,146.5,124.34,270.84000000000003,Garth
2021,20,4,normal,0,172.5,217.92,390.41999999999996,Chris
2021,20,5,normal,0,196.5,146.51,343.01,Andy
2021,20,6,normal,0,169.5,159.91,329.40999999999997,Sam
2021,20,7,normal,0,285.0,168.18,453.18,Howard
2021,20,8,normal,0,112.0,125.5,237.5,Rich
2021,20,9,normal,0,269.5,122.91,392.40999999999997,Rouse
2021,20,10,normal,0,254.5,182.5,437.0,Dave
2021,21,1,normal,0,242.0,167.42000000000002,409.42,Boyce
2021,21,2,normal,0,228.5,122.42,350.92,Alex
2021,21,3,normal,0,261.5,175.0,436.5,Garth
2021,21,4,normal,0,314.5,177.66,492.15999999999997,Chris
2021,21,5,normal,0,281.0,139.84,420.84000000000003,Andy
2021,21,6,normal,0,275.0,86.49,361.49,Sam
2021,21,7,normal,0,260.5,106.09,366.59000000000003,Howard
2021,21,8,normal,0,161.0,147.17000000000002,308.17,Rich
2021,21,9,normal,0,204.0,113.25,317.25,Rouse
2021,21,10,normal,0,213.0,129.07999999999998,342.08,Dave
2021,22,1,normal,0,278.5,185.99,464.49,Boyce
2021,22,2,normal,0,268.5,180.17000000000002,448.67,Alex
2021,22,3,normal,0,234.5,187.92000000000002,422.42,Garth
2021,22,4,normal,0,251.0,195.91,446.90999999999997,Chris
2021,22,5,normal,0,289.0,102.26,391.26,Andy
2021,22,6,normal,0,209.0,141.09,350.09000000000003,Sam
2021,22,7,normal,0,252.5,211.42000000000002,463.92,Howard
2021,22,8,normal,0,133.5,69.92,203.42000000000002,Rich
2021,22,9,normal,0,274.0,176.67000000000002,450.67,Rouse
2021,22,10,normal,0,207.0,180.09,387.09000000000003,Dave
2021,23,1,normal,1,200.5,92.33,292.83,Boyce
2021,23,2,normal,1,265.5,207.0,472.5,Alex
2021,23,3,normal,1,247.5,146.0,393.5,Garth
2021,23,4,normal,1,164.5,177.17,341.66999999999996,Chris
2021,23,5,normal,1,237.0,174.93,411.93,Andy
2021,23,6,normal,1,251.0,161.01,412.01,Sam
2021,23,7,normal,1,258.5,150.67000000000002,409.17,Howard
2021,23,8,normal,1,126.0,127.08,253.07999999999998,Rich
2021,23,9,normal,1,182.5,116.16,298.65999999999997,Rouse
2021,23,10,normal,1,215.0,165.17000000000002,380.17,Dave
2021,24,1,normal,1,245.5,185.76,431.26,Boyce
2021,24,2,normal,1,211.5,206.66,418.15999999999997,Alex
2021,24,3,normal,1,196.0,120.5,316.5,Garth
2021,24,4,normal,1,229.5,139.34,368.84000000000003,Chris
2021,24,5,normal,1,202.0,144.16,346.15999999999997,Andy
2021,24,6,normal,1,336.0,132.01,468.01,Sam
2021,24,7,normal,1,218.0,224.67000000000002,442.67,Howard
2021,24,8,normal,1,152.0,105.58,257.58,Rich
2021,24,9,normal,1,286.0,142.75,428.75,Rouse
2021,24,10,normal,1,241.5,142.17000000000002,383.67,Dave
2022,1,1,long,0,403.0,268.33,671.3299999999999,Boyce
2022,1,2,long,0,358.5,185.26,543.76,Alex
2022,1,3,long,0,333.5,182.17000000000002,515.6700000000001,Garth
2022,1,4,long,0,306.5,204.25,510.75,Chris
2022,1,5,long,0,334.5,214.91,549.41,Andy
2022,1,6,long,0,294.0,191.39999999999998,485.4,Sam
2022,1,7,long,0,269.5,220.17,489.66999999999996,Howard
2022,1,8,long,0,314.5,224.57999999999998,539.0799999999999,Rich
2022,1,9,long,0,326.0,237.09,563.09,Rouse
2022,1,10,long,0,256.0,300.58,556.5799999999999,Dave
2022,2,1,normal,0,156.0,161.07999999999998,317.08,Boyce
2022,2,2,normal,0,232.0,171.25,403.25,Alex
2022,2,3,normal,0,150.5,168.49,318.99,Garth
2022,2,4,normal,0,134.5,149.32,283.82,Chris
2022,2,5,normal,0,190.0,148.91,338.90999999999997,Andy
2022,2,6,normal,0,179.0,156.26,335.26,Sam
2022,2,7,normal,0,199.0,158.82,357.82,Howard
2022,2,8,normal,0,186.5,212.92000000000002,399.42,Rich
2022,2,9,normal,0,235.0,194.17,429.16999999999996,Rouse
2022,2,10,normal,0,197.5,171.82,369.32,Dave
2022,3,1,normal,0,251.5,195.42000000000002,446.92,Boyce
2022,3,2,normal,0,221.0,204.92000000000002,425.92,Alex
2022,3,3,normal,0,190.5,212.24,402.74,Garth
2022,3,4,normal,0,257.0,304.33,561.3299999999999,Chris
2022,3,5,normal,0,240.0,129.25,369.25,Andy
2022,3,6,normal,0,197.0,126.26,323.26,Sam
2022,3,7,normal,0,226.0,227.59,453.59000000000003,Howard
2022,3,8,normal,0,174.0,180.92000000000002,354.92,Rich
2022,3,9,normal,0,158.5,225.67000000000002,384.17,Rouse
2022,3,10,normal,0,170.5,214.5,385.0,Dave
2022,4,1,normal,0,238.5,181.32999999999998,419.83,Boyce
2022,4,2,normal,0,202.0,210.91,412.90999999999997,Alex
2022,4,3,normal,0,208.0,156.84,364.84000000000003,Garth
2022,4,4,normal,0,156.5,153.17000000000002,309.67,Chris
2022,4,5,normal,0,165.5,168.41,333.90999999999997,Andy
2022,4,6,normal,0,160.5,187.59,348.09000000000003,Sam
2022,4,7,normal,0,205.0,156.93,361.93,Howard
2022,4,8,normal,0,217.0,169.67000000000002,386.67,Rich
2022,4,9,normal,0,183.5,187.25,370.75,Rouse
2022,4,10,normal,0,180.5,134.17000000000002,314.67,Dave
2022,5,1,normal,0,266.0,246.25,512.25,Boyce
2022,5,2,normal,0,247.0,97.24,344.24,Alex
2022,5,3,normal,0,303.5,189.32999999999998,492.83,Garth
2022,5,4,normal,0,211.5,165.66,377.15999999999997,Chris
2022,5,5,normal,0,196.0,117.42,313.42,Andy
2022,5,6,normal,0,242.5,108.34,350.84000000000003,Sam
2022,5,7,normal,0,228.0,168.07999999999998,396.08,Howard
2022,5,8,normal,0,190.5,147.66,338.15999999999997,Rich
2022,5,9,normal,0,160.0,176.07999999999998,336.08,Rouse
2022,5,10,normal,0,195.5,210.34,405.84000000000003,Dave
2022,6,1,normal,0,215.0,186.5,401.5,Boyce
2022,6,2,normal,0,275.5,137.17000000000002,412.67,Alex
2022,6,3,normal,0,178.0,154.07999999999998,332.08,Garth
2022,6,4,normal,0,222.0,181.66,403.65999999999997,Chris
2022,6,5,normal,0,216.5,188.5,405.0,Andy
2022,6,6,normal,0,193.0,83.49,276.49,Sam
2022,6,7,normal,0,254.0,110.58,364.58,Howard
2022,6,8,normal,0,149.0,171.09,320.09000000000003,Rich
2022,6,9,normal,0,235.5,187.25,422.75,Rouse
2022,6,10,normal,0,175.0,275.75,450.75,Dave
2022,7,1,normal,0,245.0,136.5,381.5,Boyce
2022,7,2,normal,0,214.0,96.84,310.84000000000003,Alex
2022,7,3,normal,0,245.0,212.0,457.0,Garth
2022,7,4,normal,0,236.5,212.57999999999998,449.08,Chris
2022,7,5,normal,0,298.0,100.74,398.74,Andy
2022,7,6,normal,0,189.5,173.34,362.84000000000003,Sam
2022,7,7,normal,0,233.0,151.0,384.0,Howard
2022,7,8,normal,0,98.0,202.33,300.33000000000004,Rich
2022,7,9,normal,0,223.5,241.92000000000002,465.42,Rouse
2022,7,10,normal,0,212.0,221.75,433.75,Dave
2022,8,1,normal,0,196.0,190.25,386.25,Boyce
2022,8,2,normal,0,276.5,131.67,408.16999999999996,Alex
2022,8,3,normal,0,188.5,127.58,316.08,Garth
2022,8,4,normal,0,239.5,201.42000000000002,440.92,Chris
2022,8,5,normal,0,276.5,191.08,467.58000000000004,Andy
2022,8,6,normal,0,280.0,196.57999999999998,476.58,Sam
2022,8,7,normal,0,292.5,209.82999999999998,502.33,Howard
2022,8,8,normal,0,154.5,214.67000000000002,369.17,Rich
2022,8,9,normal,0,220.0,124.09,344.09000000000003,Rouse
2022,8,10,normal,0,261.5,271.09000000000003,532.59,Dave
2022,9,1,normal,0,221.0,190.84,411.84000000000003,Boyce
2022,9,2,normal,0,253.0,152.84,405.84000000000003,Alex
2022,9,3,normal,0,245.0,157.08,402.08000000000004,Garth
2022,9,4,normal,0,265.0,190.67000000000002,455.67,Chris
2022,9,5,normal,0,244.5,107.42,351.92,Andy
2022,9,6,normal,0,246.5,132.16,378.65999999999997,Sam
2022,9,7,normal,0,274.0,110.66,384.65999999999997,Howard
2022,9,8,normal,0,229.5,150.49,379.99,Rich
2022,9,9,normal,0,265.5,191.91,457.40999999999997,Rouse
2022,9,10,normal,0,186.5,192.24,378.74,Dave
2022,10,1,normal,0,200.0,185.5,385.5,Boyce
2022,10,2,normal,0,271.0,174.0,445.0,Alex
2022,10,3,normal,0,187.5,192.5,380.0,Garth
2022,10,4,normal,0,230.5,161.49,391.99,Chris
2022,10,5,normal,0,243.0,154.25,397.25,Andy
2022,10,6,normal,0,294.0,200.48999999999998,494.49,Sam
2022,10,7,normal,0,268.0,184.07999999999998,452.08,Howard
2022,10,8,normal,0,192.5,184.25,376.75,Rich
2022,10,9,normal,0,179.0,182.67000000000002,361.67,Rouse
2022,10,10,normal,0,264.5,224.34,488.84000000000003,Dave
2022,11,1,normal,0,249.0,166.51,415.51,Boyce
2022,11,2,normal,0,222.0,180.0,402.0,Alex
2022,11,3,normal,0,210.5,113.09,323.59000000000003,Garth
2022,11,4,normal,0,211.0,153.91,364.90999999999997,Chris
2022,11,5,normal,0,179.0,133.25,312.25,Andy
2022,11,6,normal,0,218.0,99.33,317.33,Sam
2022,11,7,normal,0,285.0,143.17000000000002,428.17,Howard
2022,11,8,normal,0,173.5,238.82999999999998,412.33,Rich
2022,11,9,normal,0,285.0,280.84000000000003,565.84,Rouse
2022,11,10,normal,0,210.0,272.5,482.5,Dave
2022,12,1,normal,0,218.0,264.65999999999997,482.65999999999997,Boyce
2022,12,2,normal,0,287.0,244.42000000000002,531.4200000000001,Alex
2022,12,3,normal,0,154.5,219.32999999999998,373.83,Garth
2022,12,4,normal,0,242.0,215.5,457.5,Chris
2022,12,5,normal,0,167.5,118.58,286.08,Andy
2022,12,6,normal,0,210.5,163.75,374.25,Sam
2022,12,7,normal,0,251.5,242.92000000000002,494.42,Howard
2022,12,8,normal,0,185.0,184.16,369.15999999999997,Rich
2022,12,9,normal,0,270.0,198.17000000000002,468.17,Rouse
2022,12,10,normal,0,205.0,207.42000000000002,412.42,Dave
2022,13,1,normal,0,214.5,209.66,424.15999999999997,Boyce
2022,13,2,normal,0,199.0,155.08,354.08000000000004,Alex
2022,13,3,normal,0,200.0,210.17000000000002,410.17,Garth
2022,13,4,normal,0,230.5,182.17000000000002,412.67,Chris
2022,13,5,normal,0,251.5,141.92,393.41999999999996,Andy
2022,13,6,normal,0,181.0,147.59,328.59000000000003,Sam
2022,13,7,normal,0,251.0,190.59,441.59000000000003,Howard
2022,13,8,normal,0,192.0,152.16,344.15999999999997,Rich
2022,13,9,normal,0,270.5,151.07999999999998,421.58,Rouse
2022,13,10,normal,0,228.5,201.34,429.84000000000003,Dave
2022,14,1,normal,0,254.5,185.42,439.91999999999996,Boyce
2022,14,2,normal,0,225.0,211.67000000000002,436.67,Alex
2022,14,3,normal,0,177.0,152.84,329.84000000000003,Garth
2022,14,4,normal,0,193.0,235.07999999999998,428.08,Chris
2022,14,5,normal,0,216.5,94.33,310.83,Andy
2022,14,6,normal,0,190.0,172.0,362.0,Sam
2022,14,7,normal,0,247.0,172.42,419.41999999999996,Howard
2022,14,8,normal,0,225.0,185.75,410.75,Rich
2022,14,9,normal,0,241.5,172.07999999999998,413.58,Rouse
2022,14,10,normal,0,166.5,238.0,404.5,Dave
2022,15,1,long,0,341.5,336.75,678.25,Boyce
2022,15,2,long,0,374.0,297.07,671.0699999999999,Alex
2022,15,3,long,0,256.5,253.68,510.18,Garth
2022,15,4,long,0,321.0,230.0,551.0,Chris
2022,15,5,long,0,351.5,215.17,566.67,Andy
2022,15,6,long,0,291.5,273.5,565.0,Sam
2022,15,7,long,0,361.5,271.92,633.4200000000001,Howard
2022,15,8,long,0,177.5,242.67000000000002,420.17,Rich
2022,15,9,long,0,364.0,278.49,642.49,Rouse
2022,15,10,long,0,311.5,381.17,692.6700000000001,Dave
2022,16,1,normal,0,278.5,205.74,484.24,Boyce
2022,16,2,normal,0,301.0,146.67000000000002,447.67,Alex
2022,16,3,normal,0,139.5,122.42,261.92,Garth
2022,16,4,normal,0,236.0,261.90999999999997,497.90999999999997,Chris
2022,16,5,normal,0,233.5,85.25999999999999,318.76,Andy
2022,16,6,normal,0,306.0,199.26,505.26,Sam
2022,16,7,normal,0,267.5,209.76,477.26,Howard
2022,16,8,normal,0,147.5,151.0,298.5,Rich
2022,16,9,normal,0,181.0,154.57999999999998,335.58,Rouse
2022,16,10,normal,0,185.0,224.32999999999998,409.33,Dave
2022,17,1,normal,0,243.5,172.34,415.84000000000003,Boyce
2022,17,2,normal,0,206.0,179.91,385.90999999999997,Alex
2022,17,3,normal,0,166.0,148.09,314.09000000000003,Garth
2022,17,4,normal,0,211.0,152.42000000000002,363.42,Chris
2022,17,5,normal,0,213.5,199.84,413.34000000000003,Andy
2022,17,6,normal,0,244.5,185.57999999999998,430.08,Sam
2022,17,7,normal,0,215.0,210.42000000000002,425.42,Howard
2022,17,8,normal,0,101.0,157.18,258.18,Rich
2022,17,9,normal,0,191.0,183.25,374.25,Rouse
2022,17,10,normal,0,212.0,202.59,414.59000000000003,Dave
2022,18,1,normal,0,240.0,282.33,522.3299999999999,Boyce
2022,18,2,normal,0,192.5,154.0,346.5,Alex
2022,18,3,normal,0,187.0,177.51,364.51,Garth
2022,18,4,normal,0,225.0,166.41,391.40999999999997,Chris
2022,18,5,normal,0,222.5,124.66,347.15999999999997,Andy
2022,18,6,normal,0,263.0,153.67,416.66999999999996,Sam
2022,18,7,normal,0,273.5,238.76,512.26,Howard
2022,18,8,normal,0,189.0,171.35,360.35,Rich
2022,18,9,normal,0,213.0,150.5,363.5,Rouse
2022,18,10,normal,0,291.5,203.33,494.83000000000004,Dave
2022,19,1,normal,0,154.5,249.17000000000002,403.67,Boyce
2022,19,2,normal,0,184.5,159.41,343.90999999999997,Alex
2022,19,3,normal,0,135.0,168.49,303.49,Garth
2022,19,4,normal,0,241.5,264.25,505.75,Chris
2022,19,5,normal,0,284.5,121.75,406.25,Andy
2022,19,6,normal,0,208.5,216.25,424.75,Sam
2022,19,7,normal,0,234.0,144.92000000000002,378.92,Howard
2022,19,8,normal,0,130.5,165.75,296.25,Rich
2022,19,9,normal,0,239.5,146.5,386.0,Rouse
2022,19,10,normal,0,224.5,201.59,426.09000000000003,Dave
2022,20,1,normal,0,157.5,217.17000000000002,374.67,Boyce
2022,20,2,normal,0,230.5,166.25,396.75,Alex
2022,20,3,normal,0,229.0,137.0,366.0,Garth
2022,20,4,normal,0,250.5,170.0,420.5,Chris
2022,20,5,normal,0,240.0,131.67,371.66999999999996,Andy
2022,20,6,normal,0,198.0,136.51,334.51,Sam
2022,20,7,normal,0,234.0,160.32999999999998,394.33,Howard
2022,20,8,normal,0,112.5,177.07999999999998,289.58,Rich
2022,20,9,normal,0,197.0,115.17,312.17,Rouse
2022,20,10,normal,0,211.5,171.09,382.59000000000003,Dave
2022,21,1,normal,0,281.0,210.25,491.25,Boyce
2022,21,2,normal,0,206.0,210.92000000000002,416.92,Alex
2022,21,3,normal,0,183.0,145.0,328.0,Garth
2022,21,4,normal,0,270.5,165.67000000000002,436.17,Chris
2022,21,5,normal,0,176.5,133.84,310.34000000000003,Andy
2022,21,6,normal,0,206.5,170.07999999999998,376.58,Sam
2022,21,7,normal,0,271.0,233.92000000000002,504.92,Howard
2022,21,8,normal,0,163.0,160.51,323.51,Rich
2022,21,9,normal,0,285.0,121.92,406.92,Rouse
2022,21,10,normal,0,271.0,244.75,515.75,Dave
2022,22,1,normal,1,248.0,266.49,514.49,Boyce
2022,22,2,normal,1,245.5,177.42,422.91999999999996,Alex
2022,22,3,normal,1,118.0,125.66,243.66,Garth
2022,22,4,normal,1,227.5,159.25,386.75,Chris
2022,22,5,normal,1,152.0,106.58,258.58,Andy
2022,22,6,normal,1,170.0,215.57999999999998,385.58,Sam
2022,22,7,normal,1,244.5,146.74,391.24,Howard
2022,22,8,normal,1,114.5,235.34,349.84000000000003,Rich
2022,22,9,normal,1,181.0,199.59,380.59000000000003,Rouse
2022,22,10,normal,1,173.0,215.91,388.90999999999997,Dave
2022,23,1,normal,1,286.0,181.32999999999998,467.33,Boyce
2022,23,2,normal,1,232.0,254.41,486.40999999999997,Alex
2022,23,3,normal,1,245.5,187.17000000000002,432.67,Garth
2022,23,4,normal,1,236.0,188.57999999999998,424.58,Chris
2022,23,5,normal,1,156.5,98.26,254.76,Andy
2022,23,6,normal,1,227.0,79.92,306.92,Sam
2022,23,7,normal,1,229.0,197.59,426.59000000000003,Howard
2022,23,8,normal,1,191.0,148.09,339.09000000000003,Rich
2022,23,9,normal,1,176.0,125.75,301.75,Rouse
2022,23,10,normal,1,184.5,192.42000000000002,376.92,Dave
2023,1,1,long,0,358.5,345.84000000000003,704.34,Boyce
2023,1,2,long,0,450.5,231.92000000000002,682.4200000000001,Chris
2023,1,3,long,0,400.0,216.49,616.49,Alex
2023,1,4,long,0,366.0,350.5,716.5,Rich
2023,1,5,long,0,383.0,222.43,605.4300000000001,Andy
2023,1,6,long,0,268.5,256.33,524.8299999999999,Sam
2023,1,7,long,0,381.5,200.0,581.5,Howard
2023,1,8,long,0,361.5,225.92000000000002,587.4200000000001,Rouse
2023,1,9,long,0,381.0,218.5,599.5,Garth
2023,1,10,long,0,354.0,219.67,573.67,Dave
2023,2,1,normal,0,289.5,145.58,435.08000000000004,Boyce
2023,2,2,normal,0,226.5,203.82999999999998,430.33,Chris
2023,2,3,normal,0,257.0,116.67,373.67,Alex
2023,2,4,normal,0,251.0,246.42,497.41999999999996,Rich
2023,2,5,normal,0,278.5,143.58,422.08000000000004,Andy
2023,2,6,normal,0,250.5,160.17,410.66999999999996,Sam
2023,2,7,normal,0,266.5,162.42000000000002,428.92,Howard
2023,2,8,normal,0,211.0,200.57999999999998,411.58,Rouse
2023,2,9,normal,0,235.5,174.17000000000002,409.67,Garth
2023,2,10,normal,0,281.5,136.75,418.25,Dave
2023,3,1,normal,0,201.0,211.01,412.01,Boyce
2023,3,2,normal,0,222.0,120.92,342.92,Chris
2023,3,3,normal,0,240.0,128.42000000000002,368.42,Alex
2023,3,4,normal,0,234.5,166.76,401.26,Rich
2023,3,5,normal,0,263.0,108.08,371.08,Andy
2023,3,6,normal,0,223.0,177.07999999999998,400.08,Sam
2023,3,7,normal,0,240.0,94.41,334.40999999999997,Howard
2023,3,8,normal,0,275.0,236.32999999999998,511.33,Rouse
2023,3,9,normal,0,227.5,154.32999999999998,381.83,Garth
2023,3,10,normal,0,211.5,169.51,381.01,Dave
2023,4,1,normal,0,174.5,197.57999999999998,372.08,Boyce
2023,4,2,normal,0,178.5,93.0,271.5,Chris
2023,4,3,normal,0,209.0,157.57999999999998,366.58,Alex
2023,4,4,normal,0,278.5,110.34,388.84000000000003,Rich
2023,4,5,normal,0,199.0,188.82999999999998,387.83,Andy
2023,4,6,normal,0,223.0,202.32999999999998,425.33,Sam
2023,4,7,normal,0,199.5,117.83,317.33,Howard
2023,4,8,normal,0,240.5,170.16,410.65999999999997,Rouse
2023,4,9,normal,0,190.0,169.32999999999998,359.33,Garth
2023,4,10,normal,0,179.0,187.43,366.43,Dave
2023,5,1,normal,0,235.5,167.76,403.26,Boyce
2023,5,2,normal,0,232.5,189.26,421.76,Chris
2023,5,3,normal,0,205.0,115.33,320.33,Alex
2023,5,4,normal,0,226.0,151.25,377.25,Rich
2023,5,5,normal,0,278.0,144.75,422.75,Andy
2023,5,6,normal,0,284.0,179.82999999999998,463.83,Sam
2023,5,7,normal,0,275.0,252.48,527.48,Howard
2023,5,8,normal,0,214.5,114.42,328.92,Rouse
2023,5,9,normal,0,225.0,131.59,356.59000000000003,Garth
2023,5,10,normal,0,197.5,195.84,393.34000000000003,Dave
2023,6,1,normal,0,236.0,276.25,512.25,Boyce
2023,6,2,normal,0,212.5,163.26,375.76,Chris
2023,6,3,normal,0,234.5,188.0,422.5,Alex
2023,6,4,normal,0,236.5,184.5,421.0,Rich
2023,6,5,normal,0,193.0,264.01,457.01,Andy
2023,6,6,normal,0,210.5,172.42000000000002,382.92,Sam
2023,6,7,normal,0,287.0,159.57999999999998,446.58,Howard
2023,6,8,normal,0,208.0,195.74,403.74,Rouse
2023,6,9,normal,0,197.5,142.75,340.25,Garth
2023,6,10,normal,0,177.0,174.92000000000002,351.92,Dave
2023,7,1,normal,0,280.0,245.42000000000002,525.4200000000001,Boyce
2023,7,2,normal,0,190.5,121.5,312.0,Chris
2023,7,3,normal,0,221.5,129.66,351.15999999999997,Alex
2023,7,4,normal,0,251.0,174.75,425.75,Rich
2023,7,5,normal,0,240.0,96.34,336.34000000000003,Andy
2023,7,6,normal,0,254.0,200.34,454.34000000000003,Sam
2023,7,7,normal,0,219.5,214.82999999999998,434.33,Howard
2023,7,8,normal,0,242.5,191.84,434.34000000000003,Rouse
2023,7,9,normal,0,213.5,114.41,327.90999999999997,Garth
2023,7,10,normal,0,201.5,163.6,365.1,Dave
2023,8,1,normal,0,196.0,219.42000000000002,415.42,Boyce
2023,8,2,normal,0,231.0,100.75,331.75,Chris
2023,8,3,normal,0,245.5,142.74,388.24,Alex
2023,8,4,normal,0,232.5,146.67,379.16999999999996,Rich
2023,8,5,normal,0,207.0,136.01,343.01,Andy
2023,8,6,normal,0,204.5,151.57999999999998,356.08,Sam
2023,8,7,normal,0,251.5,193.17000000000002,444.67,Howard
2023,8,8,normal,0,185.5,225.42,410.91999999999996,Rouse
2023,8,9,normal,0,242.5,158.0,400.5,Garth
2023,8,10,normal,0,304.5,150.18,454.68,Dave
2023,9,1,normal,0,277.0,225.17000000000002,502.17,Boyce
2023,9,2,normal,0,181.5,172.92000000000002,354.42,Chris
2023,9,3,normal,0,198.5,180.17000000000002,378.67,Alex
2023,9,4,normal,0,189.0,102.09,291.09000000000003,Rich
2023,9,5,normal,0,213.5,181.67000000000002,395.17,Andy
2023,9,6,normal,0,165.5,197.76,363.26,Sam
2023,9,7,normal,0,154.0,199.24,353.24,Howard
2023,9,8,normal,0,186.0,168.59,354.59000000000003,Rouse
2023,9,9,normal,0,167.5,116.42,283.92,Garth
2023,9,10,normal,0,149.0,216.49,365.49,Dave
2023,10,1,normal,0,226.5,155.75,382.25,Boyce
2023,10,2,normal,0,221.0,168.84,389.84000000000003,Chris
2023,10,3,normal,0,235.5,162.75,398.25,Alex
2023,10,4,normal,0,169.5,119.17,288.67,Rich
2023,10,5,normal,0,260.0,134.17,394.16999999999996,Andy
2023,10,6,normal,0,213.5,192.92,406.41999999999996,Sam
2023,10,7,normal,0,184.5,147.67,332.16999999999996,Howard
2023,10,8,normal,0,199.5,199.25,398.75,Rouse
2023,10,9,normal,0,205.5,67.91,273.40999999999997,Garth
2023,10,10,normal,0,222.5,174.84,397.34000000000003,Dave
2023,11,1,normal,0,269.0,170.34,439.34000000000003,Boyce
2023,11,2,normal,0,285.5,95.59,381.09000000000003,Chris
2023,11,3,normal,0,265.0,153.91,418.90999999999997,Alex
2023,11,4,normal,0,193.0,133.42,326.41999999999996,Rich
2023,11,5,normal,0,263.0,113.33,376.33,Andy
2023,11,6,normal,0,248.5,158.67000000000002,407.17,Sam
2023,11,7,normal,0,242.0,153.75,395.75,Howard
2023,11,8,normal,0,153.0,192.57999999999998,345.58,Rouse
2023,11,9,normal,0,210.0,179.5,389.5,Garth
2023,11,10,normal,0,282.5,204.18,486.68,Dave
2023,12,1,normal,0,248.5,215.32999999999998,463.83,Boyce
2023,12,2,normal,0,241.5,159.91,401.40999999999997,Chris
2023,12,3,normal,0,239.0,231.75,470.75,Alex
2023,12,4,normal,0,199.0,217.25,416.25,Rich
2023,12,5,normal,0,187.5,160.59,348.09000000000003,Andy
2023,12,6,normal,0,174.0,211.75,385.75,Sam
2023,12,7,normal,0,229.0,211.32999999999998,440.33,Howard
2023,12,8,normal,0,190.0,183.57999999999998,373.58,Rouse
2023,12,9,normal,0,216.0,134.58,350.58000000000004,Garth
2023,12,10,normal,0,191.5,175.42,366.91999999999996,Dave
2023,13,1,normal,0,238.5,226.16,464.65999999999997,Boyce
2023,13,2,normal,0,252.5,83.67,336.17,Chris
2023,13,3,normal,0,275.5,197.32999999999998,472.83,Alex
2023,13,4,normal,0,208.5,191.92000000000002,400.42,Rich
2023,13,5,normal,0,247.0,105.5,352.5,Andy
2023,13,6,normal,0,261.5,110.42,371.92,Sam
2023,13,7,normal,0,168.5,135.67000000000002,304.17,Howard
2023,13,8,normal,0,228.5,170.17000000000002,398.67,Rouse
2023,13,9,normal,0,196.5,133.9,330.4,Garth
2023,13,10,normal,0,259.0,188.25,447.25,Dave
2023,14,1,normal,0,293.0,231.99,524.99,Boyce
2023,14,2,normal,0,276.5,240.32999999999998,516.8299999999999,Chris
2023,14,3,normal,0,273.0,175.91,448.90999999999997,Alex
2023,14,4,normal,0,241.0,204.5,445.5,Rich
2023,14,5,normal,0,199.0,146.83,345.83000000000004,Andy
2023,14,6,normal,0,212.5,181.82999999999998,394.33,Sam
2023,14,7,normal,0,272.5,190.66,463.15999999999997,Howard
2023,14,8,normal,0,227.5,159.34,386.84000000000003,Rouse
2023,14,9,normal,0,180.5,201.16,381.65999999999997,Garth
2023,14,10,normal,0,192.0,220.76,412.76,Dave
2023,15,1,long,0,398.5,238.57999999999998,637.0799999999999,Boyce
2023,15,2,long,0,340.0,279.08,619.0799999999999,Chris
2023,15,3,long,0,371.5,263.5,635.0,Alex
2023,15,4,long,0,366.5,254.41,620.91,Rich
2023,15,5,long,0,306.5,166.67000000000002,473.17,Andy
2023,15,6,long,0,396.5,262.01,658.51,Sam
2023,15,7,long,0,304.5,283.34000000000003,587.84,Howard
2023,15,8,long,0,397.5,336.65999999999997,734.16,Rouse
2023,15,9,long,0,373.5,238.16,611.66,Garth
2023,15,10,long,0,269.0,241.14999999999998,510.15,Dave
2023,16,1,normal,0,273.5,152.01,425.51,Boyce
2023,16,2,normal,0,251.0,165.66,416.65999999999997,Chris
2023,16,3,normal,0,183.5,164.59,348.09000000000003,Alex
2023,16,4,normal,0,200.5,194.32999999999998,394.83,Rich
2023,16,5,normal,0,174.5,75.25,249.75,Andy
2023,16,6,normal,0,208.0,115.25,323.25,Sam
2023,16,7,normal,0,223.5,129.59,353.09000000000003,Howard
2023,16,8,normal,0,237.0,162.92000000000002,399.92,Rouse
2023,16,9,normal,0,196.5,134.01,330.51,Garth
2023,16,10,normal,0,143.0,266.08,409.08,Dave
2023,17,1,normal,0,220.5,188.66,409.15999999999997,Boyce
2023,17,2,normal,0,242.5,142.25,384.75,Chris
2023,17,3,normal,0,234.0,98.25,332.25,Alex
2023,17,4,normal,0,199.0,229.92000000000002,428.92,Rich
2023,17,5,normal,0,251.5,122.34,373.84000000000003,Andy
2023,17,6,normal,0,226.5,199.92000000000002,426.42,Sam
2023,17,7,normal,0,312.0,186.0,498.0,Howard
2023,17,8,normal,0,235.0,173.84,408.84000000000003,Rouse
2023,17,9,normal,0,299.0,173.0,472.0,Garth
2023,17,10,normal,0,286.5,200.82999999999998,487.33,Dave
2023,18,1,normal,0,235.5,177.0,412.5,Boyce
2023,18,2,normal,0,263.5,208.17000000000002,471.67,Chris
2023,18,3,normal,0,220.0,188.5,408.5,Alex
2023,18,4,normal,0,218.5,200.91,419.40999999999997,Rich
2023,18,5,normal,0,187.5,125.34,312.84000000000003,Andy
2023,18,6,normal,0,216.5,146.66,363.15999999999997,Sam
2023,18,7,normal,0,220.5,164.57,385.07,Howard
2023,18,8,normal,0,246.0,174.84,420.84000000000003,Rouse
2023,18,9,normal,0,273.0,132.84,405.84000000000003,Garth
2023,18,10,normal,0,216.0,205.07999999999998,421.08,Dave
2023,19,1,normal,0,320.5,173.34,493.84000000000003,Boyce
2023,19,2,normal,0,174.0,152.25,326.25,Chris
2023,19,3,normal,0,170.0,101.09,271.09000000000003,Alex
2023,19,4,normal,0,138.5,109.83,248.32999999999998,Rich
2023,19,5,normal,0,260.5,80.58,341.08,Andy
2023,19,6,normal,0,272.5,165.75,438.25,Sam
2023,19,7,normal,0,281.0,144.67000000000002,425.67,Howard
2023,19,8,normal,0,174.0,181.25,355.25,Rouse
2023,19,9,normal,0,243.0,149.74,392.74,Garth
2023,19,10,normal,0,189.5,185.59,375.09000000000003,Dave
2023,20,1,normal,0,302.0,206.67000000000002,508.67,Boyce
2023,20,2,normal,0,215.0,194.17000000000002,409.17,Chris
2023,20,3,normal,0,269.0,148.66,417.65999999999997,Alex
2023,20,4,normal,0,175.5,189.42000000000002,364.92,Rich
2023,20,5,normal,0,360.0,102.43,462.43,Andy
2023,20,6,normal,0,167.5,183.75,351.25,Sam
2023,20,7,normal,0,221.0,155.42,376.41999999999996,Howard
2023,20,8,normal,0,220.5,116.58,337.08,Rouse
2023,20,9,normal,0,309.5,139.67,449.16999999999996,Garth
2023,20,10,normal,0,265.5,140.5,406.0,Dave
2023,21,1,normal,0,288.0,192.57999999999998,480.58,Boyce
2023,21,2,normal,0,197.5,115.84,313.34000000000003,Chris
2023,21,3,normal,0,243.0,150.59,393.59000000000003,Alex
2023,21,4,normal,0,190.5,146.42,336.91999999999996,Rich
2023,21,5,normal,0,251.0,143.41,394.40999999999997,Andy
2023,21,6,normal,0,202.5,174.76,377.26,Sam
2023,21,7,normal,0,275.5,172.92,448.41999999999996,Howard
2023,21,8,normal,0,221.0,141.58,362.58000000000004,Rouse
2023,21,9,normal,0,279.0,148.34,427.34000000000003,Garth
2023,21,10,normal,0,297.0,146.93,443.93,Dave
2023,22,1,normal,0,276.5,199.17000000000002,475.67,Boyce
2023,22,2,normal,0,239.0,103.57,342.57,Chris
2023,22,3,normal,0,227.5,143.16,370.65999999999997,Alex
2023,22,4,normal,0,215.0,205.32,420.32,Rich
2023,22,5,normal,0,211.5,100.68,312.18,Andy
2023,22,6,normal,0,185.0,200.09,385.09000000000003,Sam
2023,22,7,normal,0,252.0,113.59,365.59000000000003,Howard
2023,22,8,normal,0,281.5,150.08,431.58000000000004,Rouse
2023,22,9,normal,0,237.0,81.84,318.84000000000003,Garth
2023,22,10,normal,0,232.5,223.0,455.5,Dave
2023,23,1,normal,1,327.0,257.67,584.6700000000001,Boyce
2023,23,2,normal,1,260.0,131.33,391.33000000000004,Chris
2023,23,3,normal,1,233.5,192.68,426.18,Alex
2023,23,4,normal,1,176.0,134.25,310.25,Rich
2023,23,5,normal,1,212.0,98.18,310.18,Andy
2023,23,6,normal,1,181.5,175.5,357.0,Sam
2023,23,7,normal,1,236.5,140.91,377.40999999999997,Howard
2023,23,8,normal,1,235.5,156.92000000000002,392.42,Rouse
2023,23,9,normal,1,236.0,159.5,395.5,Garth
2023,23,10,normal,1,235.0,132.99,367.99,Dave
2023,24,1,normal,1,274.5,167.5,442.0,Boyce
2023,24,2,normal,1,260.5,107.17,367.67,Chris
2023,24,3,normal,1,187.5,149.92,337.41999999999996,Alex
2023,24,4,normal,1,176.0,157.51,333.51,Rich
2023,24,5,normal,1,220.0,89.08,309.08,Andy
2023,24,6,normal,1,214.5,136.25,350.75,Sam
2023,24,7,normal,1,245.0,244.0,489.0,Howard
2023,24,8,normal,1,249.5,116.66,366.15999999999997,Rouse
2023,24,9,normal,1,234.5,180.41,414.90999999999997,Garth
2023,24,10,normal,1,223.5,182.17000000000002,405.67,Dave
2024,1,1,long,0,425.0,337.15999999999997,762.16,Boyce
2024,1,2,long,0,381.5,313.5,695.0,Chris
2024,1,3,long,0,391.0,343.59000000000003,734.59,Rich
2024,1,4,long,0,397.5,250.41,647.91,Andy
2024,1,5,long,0,334.5,261.99,596.49,Sam
2024,1,6,long,0,366.0,272.09000000000003,638.09,Howard
2024,1,7,long,0,390.5,188.42000000000002,578.9200000000001,Alex
2024,1,8,long,0,340.5,265.17,605.6700000000001,Garth
2024,1,9,long,0,342.0,222.34,564.34,Dave
2024,1,10,long,0,381.5,247.59,629.09,Rouse
2024,2,1,normal,0,251.5,104.17,355.67,Boyce
2024,2,2,normal,0,322.0,130.67000000000002,452.67,Chris
2024,2,3,normal,0,228.0,133.51,361.51,Rich
2024,2,4,normal,0,225.0,148.75,373.75,Andy
2024,2,5,normal,0,241.0,192.16,433.15999999999997,Sam
2024,2,6,normal,0,248.0,178.16,426.15999999999997,Howard
2024,2,7,normal,0,233.5,168.84,402.34000000000003,Alex
2024,2,8,normal,0,207.0,162.41,369.40999999999997,Garth
2024,2,9,normal,0,209.5,130.66,340.15999999999997,Dave
2024,2,10,normal,0,241.0,176.32999999999998,417.33,Rouse
2024,3,1,normal,0,244.0,179.16,423.15999999999997,Boyce
2024,3,2,normal,0,211.0,222.57999999999998,433.58,Chris
2024,3,3,normal,0,237.0,188.42000000000002,425.42,Rich
2024,3,4,normal,0,252.0,182.25,434.25,Andy
2024,3,5,normal,0,144.0,145.76,289.76,Sam
2024,3,6,normal,0,211.0,194.93,405.93,Howard
2024,3,7,normal,0,169.5,182.82999999999998,352.33,Alex
2024,3,8,normal,0,221.0,143.33,364.33000000000004,Garth
2024,3,9,normal,0,183.0,147.57999999999998,330.58,Dave
2024,3,10,normal,0,213.0,190.92000000000002,403.92,Rouse
2024,4,1,normal,0,241.5,307.0,548.5,Boyce
2024,4,2,normal,0,222.0,151.82999999999998,373.83,Chris
2024,4,3,normal,0,155.5,126.75999999999999,282.26,Rich
2024,4,4,normal,0,265.0,163.5,428.5,Andy
2024,4,5,normal,0,254.0,129.41,383.40999999999997,Sam
2024,4,6,normal,0,208.5,190.01,398.51,Howard
2024,4,7,normal,0,203.0,210.51,413.51,Alex
2024,4,8,normal,0,218.5,190.16,408.65999999999997,Garth
2024,4,9,normal,0,192.0,179.57999999999998,371.58,Dave
2024,4,10,normal,0,207.0,203.0,410.0,Rouse
2024,5,1,normal,0,249.0,206.07999999999998,455.08,Boyce
2024,5,2,normal,0,163.0,139.67000000000002,302.67,Chris
2024,5,3,normal,0,178.0,235.17000000000002,413.17,Rich
2024,5,4,normal,0,212.5,206.5,419.0,Andy
2024,5,5,normal,0,210.5,149.5,360.0,Sam
2024,5,6,normal,0,194.5,246.82999999999998,441.33,Howard
2024,5,7,normal,0,145.5,184.32999999999998,329.83,Alex
2024,5,8,normal,0,188.0,133.67000000000002,321.67,Garth
2024,5,9,normal,0,245.5,152.17000000000002,397.67,Dave
2024,5,10,normal,0,209.5,141.91,351.40999999999997,Rouse
2024,6,1,normal,0,170.0,164.32999999999998,334.33,Boyce
2024,6,2,normal,0,174.5,149.84,324.34000000000003,Chris
2024,6,3,normal,0,231.5,204.42000000000002,435.92,Rich
2024,6,4,normal,0,186.5,258.09000000000003,444.59000000000003,Andy
2024,6,5,normal,0,215.0,223.75,438.75,Sam
2024,6,6,normal,0,243.5,224.26,467.76,Howard
2024,6,7,normal,0,217.5,94.83,312.33,Alex
2024,6,8,normal,0,261.0,130.82999999999998,391.83,Garth
2024,6,9,normal,0,158.5,188.25,346.75,Dave
2024,6,10,normal,0,246.5,140.25,386.75,Rouse
2024,7,1,normal,0,263.0,185.42,448.41999999999996,Boyce
2024,7,2,normal,0,214.5,197.32999999999998,411.83,Chris
2024,7,3,normal,0,209.0,219.34,428.34000000000003,Rich
2024,7,4,normal,0,224.0,167.0,391.0,Andy
2024,7,5,normal,0,212.5,137.99,350.49,Sam
2024,7,6,normal,0,170.5,161.01,331.51,Howard
2024,7,7,normal,0,184.0,215.5,399.5,Alex
2024,7,8,normal,0,259.5,164.91,424.40999999999997,Garth
2024,7,9,normal,0,216.0,147.83,363.83000000000004,Dave
2024,7,10,normal,0,179.5,169.25,348.75,Rouse
2024,8,1,normal,0,244.0,232.59,476.59000000000003,Boyce
2024,8,2,normal,0,251.0,151.17,402.16999999999996,Chris
2024,8,3,normal,0,197.0,197.25,394.25,Rich
2024,8,4,normal,0,232.5,246.32999999999998,478.83,Andy
2024,8,5,normal,0,213.5,208.0,421.5,Sam
2024,8,6,normal,0,209.0,149.57,358.57,Howard
2024,8,7,normal,0,279.0,176.25,455.25,Alex
2024,8,8,normal,0,242.0,182.67000000000002,424.67,Garth
2024,8,9,normal,0,153.5,240.92000000000002,394.42,Dave
2024,8,10,normal,0,161.5,135.91,297.40999999999997,Rouse
2024,9,1,normal,0,235.0,171.49,406.49,Boyce
2024,9,2,normal,0,226.5,144.99,371.49,Chris
2024,9,3,normal,0,211.0,179.34,390.34000000000003,Rich
2024,9,4,normal,0,214.5,141.07999999999998,355.58,Andy
2024,9,5,normal,0,227.5,246.0,473.5,Sam
2024,9,6,normal,0,229.0,180.59,409.59000000000003,Howard
2024,9,7,normal,0,194.0,140.42000000000002,334.42,Alex
2024,9,8,normal,0,187.0,140.16,327.15999999999997,Garth
2024,9,9,normal,0,224.5,166.99,391.49,Dave
2024,9,10,normal,0,201.5,146.0,347.5,Rouse
2024,10,1,normal,0,256.0,166.59,422.59000000000003,Boyce
2024,10,2,normal,0,247.0,155.42000000000002,402.42,Chris
2024,10,3,normal,0,155.5,156.82999999999998,312.33,Rich
2024,10,4,normal,0,284.0,153.07999999999998,437.08,Andy
2024,10,5,normal,0,192.0,151.84,343.84000000000003,Sam
2024,10,6,normal,0,236.5,157.5,394.0,Howard
2024,10,7,normal,0,233.0,185.07999999999998,418.08,Alex
2024,10,8,normal,0,178.5,206.67000000000002,385.17,Garth
2024,10,9,normal,0,203.0,181.51,384.51,Dave
2024,10,10,normal,0,214.5,127.09,341.59000000000003,Rouse
2024,11,1,normal,0,259.5,147.07999999999998,406.58,Boyce
2024,11,2,normal,0,250.5,151.34,401.84000000000003,Chris
2024,11,3,normal,0,245.5,192.67000000000002,438.17,Rich
2024,11,4,normal,0,150.5,115.91,266.40999999999997,Andy
2024,11,5,normal,0,167.5,178.42000000000002,345.92,Sam
2024,11,6,normal,0,219.5,274.92,494.42,Howard
2024,11,7,normal,0,200.0,138.16,338.15999999999997,Alex
2024,11,8,normal,0,174.0,130.32999999999998,304.33,Garth
2024,11,9,normal,0,254.5,129.84,384.34000000000003,Dave
2024,11,10,normal,0,245.0,217.0,462.0,Rouse
2024,12,1,normal,0,300.0,174.17000000000002,474.17,Boyce
2024,12,2,normal,0,199.0,125.42,324.42,Chris
2024,12,3,normal,0,237.0,143.59,380.59000000000003,Rich
2024,12,4,normal,0,221.5,156.92,378.41999999999996,Andy
2024,12,5,normal,0,194.5,172.59,367.09000000000003,Sam
2024,12,6,normal,0,221.0,218.0,439.0,Howard
2024,12,7,normal,0,248.5,216.75,465.25,Alex
2024,12,8,normal,0,285.0,138.92,423.91999999999996,Garth
2024,12,9,normal,0,245.0,148.91,393.90999999999997,Dave
2024,12,10,normal,0,219.0,185.25,404.25,Rouse
2024,13,1,normal,0,227.5,170.01,397.51,Boyce
2024,13,2,normal,0,242.0,139.34,381.34000000000003,Chris
2024,13,3,normal,0,263.5,237.09,500.59000000000003,Rich
2024,13,4,normal,0,240.0,131.67000000000002,371.67,Andy
2024,13,5,normal,0,174.5,181.92000000000002,356.42,Sam
2024,13,6,normal,0,208.0,198.75,406.75,Howard
2024,13,7,normal,0,302.5,191.32,493.82,Alex
2024,13,8,normal,0,257.5,110.49,367.99,Garth
2024,13,9,normal,0,189.0,118.91,307.90999999999997,Dave
2024,13,10,normal,0,232.0,146.92000000000002,378.92,Rouse
2024,14,1,normal,0,268.0,206.25,474.25,Boyce
2024,14,2,normal,0,272.0,152.82999999999998,424.83,Chris
2024,14,3,normal,0,284.5,137.75,422.25,Rich
2024,14,4,normal,0,183.0,132.25,315.25,Andy
2024,14,5,normal,0,218.5,193.09,411.59000000000003,Sam
2024,14,6,normal,0,258.5,154.82999999999998,413.33,Howard
2024,14,7,normal,0,185.5,202.57999999999998,388.08,Alex
2024,14,8,normal,0,198.5,98.33,296.83,Garth
2024,14,9,normal,0,204.5,201.09,405.59000000000003,Dave
2024,14,10,normal,0,236.5,148.67,385.16999999999996,Rouse
2024,15,1,long,0,361.0,271.59000000000003,632.59,Boyce
2024,15,2,long,0,359.5,235.07999999999998,594.5799999999999,Chris
2024,15,3,long,0,422.5,271.93,694.4300000000001,Rich
2024,15,4,long,0,230.0,257.16,487.16,Andy
2024,15,5,long,0,331.0,241.59,572.59,Sam
2024,15,6,long,0,289.5,298.93,588.4300000000001,Howard
2024,15,7,long,0,353.5,212.09,565.59,Alex
2024,15,8,long,0,330.0,246.07999999999998,576.0799999999999,Garth
2024,15,9,long,0,276.0,179.25,455.25,Dave
2024,15,10,long,0,361.0,248.67000000000002,609.6700000000001,Rouse
2024,16,1,normal,0,270.0,185.67,455.66999999999996,Boyce
2024,16,2,normal,0,269.0,150.09,419.09000000000003,Chris
2024,16,3,normal,0,210.5,141.75,352.25,Rich
2024,16,4,normal,0,224.5,183.5,408.0,Andy
2024,16,5,normal,0,178.0,242.25,420.25,Sam
2024,16,6,normal,0,223.0,229.59,452.59000000000003,Howard
2024,16,7,normal,0,271.5,185.67000000000002,457.17,Alex
2024,16,8,normal,0,252.5,162.5,415.0,Garth
2024,16,9,normal,0,191.0,123.5,314.5,Dave
2024,16,10,normal,0,269.5,145.5,415.0,Rouse
2024,17,1,normal,0,227.5,163.07999999999998,390.58,Boyce
2024,17,2,normal,0,230.5,142.83,373.33000000000004,Chris
2024,17,3,normal,0,264.5,103.59,368.09000000000003,Rich
2024,17,4,normal,0,283.5,100.5,384.0,Andy
2024,17,5,normal,0,215.5,212.42000000000002,427.92,Sam
2024,17,6,normal,0,222.5,205.32999999999998,427.83,Howard
2024,17,7,normal,0,239.5,108.18,347.68,Alex
2024,17,8,normal,0,251.0,128.17000000000002,379.17,Garth
2024,17,9,normal,0,230.5,165.57999999999998,396.08,Dave
2024,17,10,normal,0,283.0,172.17,455.16999999999996,Rouse
2024,18,1,normal,0,255.5,138.91,394.40999999999997,Boyce
2024,18,2,normal,0,248.5,156.5,405.0,Chris
2024,18,3,normal,0,266.5,132.33,398.83000000000004,Rich
2024,18,4,normal,0,277.0,114.84,391.84000000000003,Andy
2024,18,5,normal,0,236.5,200.32999999999998,436.83,Sam
2024,18,6,normal,0,268.5,152.83,421.33000000000004,Howard
2024,18,7,normal,0,243.0,207.76,450.76,Alex
2024,18,8,normal,0,260.0,136.75,396.75,Garth
2024,18,9,normal,0,281.0,149.92000000000002,430.92,Dave
2024,18,10,normal,0,277.0,179.5,456.5,Rouse
2024,19,1,normal,0,251.5,195.82,447.32,Boyce
2024,19,2,normal,0,227.5,147.85,375.35,Chris
2024,19,3,normal,0,193.5,149.09,342.59000000000003,Rich
2024,19,4,normal,0,229.5,177.42000000000002,406.92,Andy
2024,19,5,normal,0,206.0,169.82999999999998,375.83,Sam
2024,19,6,normal,0,204.0,208.59,412.59000000000003,Howard
2024,19,7,normal,0,231.5,172.5,404.0,Alex
2024,19,8,normal,0,167.5,147.42000000000002,314.92,Garth
2024,19,9,normal,0,220.5,163.0,383.5,Dave
2024,19,10,normal,0,184.5,134.33,318.83000000000004,Rouse
2024,20,1,normal,0,227.0,143.33,370.33000000000004,Boyce
2024,20,2,normal,0,275.5,79.08,354.58,Chris
2024,20,3,normal,0,234.5,100.17,334.67,Rich
2024,20,4,normal,0,193.5,134.67000000000002,328.17,Andy
2024,20,5,normal,0,182.0,156.34,338.34000000000003,Sam
2024,20,6,normal,0,180.5,191.92000000000002,372.42,Howard
2024,20,7,normal,0,285.0,155.5,440.5,Alex
2024,20,8,normal,0,214.0,156.74,370.74,Garth
2024,20,9,normal,0,252.5,202.41,454.90999999999997,Dave
2024,20,10,normal,0,250.5,127.25,377.75,Rouse
2024,21,1,normal,0,271.0,141.16,412.15999999999997,Boyce
2024,21,2,normal,0,212.5,181.75,394.25,Chris
2024,21,3,normal,0,320.0,131.75,451.75,Rich
2024,21,4,normal,0,153.0,109.17,262.17,Andy
2024,21,5,normal,0,252.5,176.17000000000002,428.67,Sam
2024,21,6,normal,0,270.0,238.35,508.35,Howard
2024,21,7,normal,0,198.0,187.68,385.68,Alex
2024,21,8,normal,0,229.0,94.43,323.43,Garth
2024,21,9,normal,0,267.0,184.07999999999998,451.08,Dave
2024,21,10,normal,0,294.5,206.42000000000002,500.92,Rouse
2024,22,1,normal,0,261.0,201.32999999999998,462.33,Boyce
2024,22,2,normal,0,160.5,128.75,289.25,Chris
2024,22,3,normal,0,228.5,168.42000000000002,396.92,Rich
2024,22,4,normal,0,148.5,157.42,305.91999999999996,Andy
2024,22,5,normal,0,167.0,226.33,393.33000000000004,Sam
2024,22,6,normal,0,275.0,157.5,432.5,Howard
2024,22,7,normal,0,168.0,236.91,404.90999999999997,Alex
2024,22,8,normal,0,177.5,152.84,330.34000000000003,Garth
2024,22,9,normal,0,172.5,133.0,305.5,Dave
2024,22,10,normal,0,195.0,118.01,313.01,Rouse
2024,23,1,normal,1,305.5,209.84,515.34,Boyce
2024,23,2,normal,1,159.0,129.92,288.91999999999996,Chris
2024,23,3,normal,1,230.5,143.75,374.25,Rich
2024,23,4,normal,1,139.5,131.41,270.90999999999997,Andy
2024,23,5,normal,1,205.5,178.92000000000002,384.42,Sam
2024,23,6,normal,1,233.0,211.76,444.76,Howard
2024,23,7,normal,1,210.0,162.82999999999998,372.83,Alex
2024,23,8,normal,1,167.5,216.92000000000002,384.42,Garth
2024,23,9,normal,1,218.5,82.0,300.5,Dave
2024,23,10,normal,1,178.0,167.17000000000002,345.17,Rouse
2024,24,1,normal,1,309.5,265.65999999999997,575.16,Boyce
2024,24,2,normal,1,227.5,145.49,372.99,Chris
2024,24,3,normal,1,264.5,197.57999999999998,462.08,Rich
2024,24,4,normal,1,168.0,109.0,277.0,Andy
2024,24,5,normal,1,190.5,166.84,357.34000000000003,Sam
2024,24,6,normal,1,241.5,251.75,493.25,Howard
2024,24,7,normal,1,230.5,179.59,410.09000000000003,Alex
2024,24,8,normal,1,213.0,114.75,327.75,Garth
2024,24,9,normal,1,199.0,150.68,349.68,Dave
2024,24,10,normal,1,184.0,217.67000000000002,401.67,Rouse
2025,1,1,long,0,359.5,315.09000000000003,674.59,Boyce
2025,1,2,long,0,350.5,271.59000000000003,622.09,Chris
2025,1,3,long,0,428.5,231.66,660.16,Andy
2025,1,4,long,0,286.0,302.58,588.5799999999999,Garth
2025,1,5,long,0,386.5,225.82999999999998,612.3299999999999,Sam
2025,1,6,long,0,363.0,275.49,638.49,Howard
2025,1,7,long,0,373.5,245.75,619.25,Dave
2025,1,8,long,0,395.0,267.59000000000003,662.59,Alex
2025,1,9,long,0,394.0,230.34,624.34,Rich
2025,1,10,long,0,328.5,200.0,528.5,Rouse
2025,2,1,normal,0,184.5,203.42000000000002,387.92,Boyce
2025,2,2,normal,0,169.0,188.76,357.76,Chris
2025,2,3,normal,0,206.5,166.92000000000002,373.42,Andy
2025,2,4,normal,0,198.0,164.84,362.84000000000003,Garth
2025,2,5,normal,0,188.0,215.09,403.09000000000003,Sam
2025,2,6,normal,0,167.5,197.92000000000002,365.42,Howard
2025,2,7,normal,0,221.5,174.67000000000002,396.17,Dave
2025,2,8,normal,0,208.5,171.59,380.09000000000003,Alex
2025,2,9,normal,0,211.5,227.66,439.15999999999997,Rich
2025,2,10,normal,0,235.0,149.09,384.09000000000003,Rouse
2025,3,1,normal,0,306.5,226.66,533.16,Boyce
2025,3,2,normal,0,253.5,177.07999999999998,430.58,Chris
2025,3,3,normal,0,164.0,143.67,307.66999999999996,Andy
2025,3,4,normal,0,276.0,156.08,432.08000000000004,Garth
2025,3,5,normal,0,192.5,175.82999999999998,368.33,Sam
2025,3,6,normal,0,208.5,168.26,376.76,Howard
2025,3,7,normal,0,215.0,247.49,462.49,Dave
2025,3,8,normal,0,218.5,137.59,356.09000000000003,Alex
2025,3,9,normal,0,236.5,207.57999999999998,444.08,Rich
2025,3,10,normal,0,257.5,153.17000000000002,410.67,Rouse
2025,4,1,normal,0,191.0,217.67000000000002,408.67,Boyce
2025,4,2,normal,0,238.5,172.91,411.40999999999997,Chris
2025,4,3,normal,0,194.0,120.09,314.09000000000003,Andy
2025,4,4,normal,0,145.5,172.75,318.25,Garth
2025,4,5,normal,0,272.5,130.59,403.09000000000003,Sam
2025,4,6,normal,0,208.0,178.57999999999998,386.58,Howard
2025,4,7,normal,0,193.5,178.25,371.75,Dave
2025,4,8,normal,0,210.5,219.25,429.75,Alex
2025,4,9,normal,0,250.0,97.83,347.83,Rich
2025,4,10,normal,0,190.0,184.41,374.40999999999997,Rouse
2025,5,1,normal,0,260.5,177.41,437.90999999999997,Boyce
2025,5,2,normal,0,312.0,154.07999999999998,466.08,Chris
2025,5,3,normal,0,250.5,162.09,412.59000000000003,Andy
2025,5,4,normal,0,189.5,177.07999999999998,366.58,Garth
2025,5,5,normal,0,209.5,138.07999999999998,347.58,Sam
2025,5,6,normal,0,200.5,154.34,354.84000000000003,Howard
2025,5,7,normal,0,225.0,168.17000000000002,393.17,Dave
2025,5,8,normal,0,244.5,149.57999999999998,394.08,Alex
2025,5,9,normal,0,169.5,200.57999999999998,370.08,Rich
2025,5,10,normal,0,243.0,132.67000000000002,375.67,Rouse
2025,6,1,normal,0,278.5,130.5,409.0,Boyce
2025,6,2,normal,0,291.5,242.0,533.5,Chris
2025,6,3,normal,0,163.5,170.82999999999998,334.33,Andy
2025,6,4,normal,0,250.5,213.33,463.83000000000004,Garth
2025,6,5,normal,0,230.0,155.51,385.51,Sam
2025,6,6,normal,0,223.0,176.07999999999998,399.08,Howard
2025,6,7,normal,0,238.5,180.0,418.5,Dave
2025,6,8,normal,0,217.0,149.34,366.34000000000003,Alex
2025,6,9,normal,0,237.5,138.91,376.40999999999997,Rich
2025,6,10,normal,0,254.0,161.16,415.15999999999997,Rouse
2025,7,1,normal,0,284.5,132.49,416.99,Boyce
2025,7,2,normal,0,281.5,150.5,432.0,Chris
2025,7,3,normal,0,103.0,171.25,274.25,Andy
2025,7,4,normal,0,204.5,196.5,401.0,Garth
2025,7,5,normal,0,171.5,103.51,275.01,Sam
2025,7,6,normal,0,188.5,236.41,424.90999999999997,Howard
2025,7,7,normal,0,231.0,177.59,408.59000000000003,Dave
2025,7,8,normal,0,205.0,187.26,392.26,Alex
2025,7,9,normal,0,290.5,191.57,482.07,Rich
2025,7,10,normal,0,253.5,151.75,405.25,Rouse
2025,8,1,normal,0,254.0,241.26,495.26,Boyce
2025,8,2,normal,0,262.0,164.01,426.01,Chris
2025,8,3,normal,0,163.0,114.5,277.5,Andy
2025,8,4,normal,0,192.5,192.25,384.75,Garth
2025,8,5,normal,0,155.5,182.26,337.76,Sam
2025,8,6,normal,0,226.0,179.34,405.34000000000003,Howard
2025,8,7,normal,0,181.0,183.07999999999998,364.08,Dave
2025,8,8,normal,0,261.5,201.26,462.76,Alex
2025,8,9,normal,0,202.0,214.5,416.5,Rich
2025,8,10,normal,0,285.5,177.82999999999998,463.33,Rouse
2025,9,1,normal,0,247.5,184.33,431.83000000000004,Boyce
2025,9,2,normal,0,233.0,212.5,445.5,Chris
2025,9,3,normal,0,156.0,137.0,293.0,Andy
2025,9,4,normal,0,197.0,175.59,372.59000000000003,Garth
2025,9,5,normal,0,221.0,189.57999999999998,410.58,Sam
2025,9,6,normal,0,232.5,217.76,450.26,Howard
2025,9,7,normal,0,220.5,121.25999999999999,341.76,Dave
2025,9,8,normal,0,224.5,206.43,430.93,Alex
2025,9,9,normal,0,222.0,251.26,473.26,Rich
2025,9,10,normal,0,237.5,149.91,387.40999999999997,Rouse
2025,10,1,normal,0,188.0,137.0,325.0,Boyce
2025,10,2,normal,0,248.5,129.99,378.49,Chris
2025,10,3,normal,0,178.5,121.42,299.92,Andy
2025,10,4,normal,0,143.5,148.42000000000002,291.92,Garth
2025,10,5,normal,0,206.0,148.17000000000002,354.17,Sam
2025,10,6,normal,0,281.0,287.26,568.26,Howard
2025,10,7,normal,0,244.5,211.32999999999998,455.83,Dave
2025,10,8,normal,0,262.0,133.58,395.58000000000004,Alex
2025,10,9,normal,0,284.5,188.32,472.82,Rich
2025,10,10,normal,0,214.5,179.32999999999998,393.83,Rouse
2025,11,1,normal,0,247.5,169.41,416.90999999999997,Boyce
2025,11,2,normal,0,258.5,213.07999999999998,471.58,Chris
2025,11,3,normal,0,221.5,136.25,357.75,Andy
2025,11,4,normal,0,270.0,109.18,379.18,Garth
2025,11,5,normal,0,181.5,86.92,268.42,Sam
2025,11,6,normal,0,200.0,170.75,370.75,Howard
2025,11,7,normal,0,211.0,196.17000000000002,407.17,Dave
2025,11,8,normal,0,222.0,185.25,407.25,Alex
2025,11,9,normal,0,244.0,196.09,440.09000000000003,Rich
2025,11,10,normal,0,214.0,128.84,342.84000000000003,Rouse
2025,12,1,normal,0,316.5,170.25,486.75,Boyce
2025,12,2,normal,0,235.5,185.42000000000002,420.92,Chris
2025,12,3,normal,0,208.0,128.57999999999998,336.58,Andy
2025,12,4,normal,0,239.0,175.5,414.5,Garth
2025,12,5,normal,0,299.5,136.59,436.09000000000003,Sam
2025,12,6,normal,0,249.5,134.32999999999998,383.83,Howard
2025,12,7,normal,0,257.0,200.91,457.90999999999997,Dave
2025,12,8,normal,0,201.5,223.08,424.58000000000004,Alex
2025,12,9,normal,0,282.0,173.09,455.09000000000003,Rich
2025,12,10,normal,0,248.5,130.0,378.5,Rouse
2025,13,1,normal,0,254.5,222.92000000000002,477.42,Boyce
2025,13,2,normal,0,279.0,208.5,487.5,Chris
2025,13,3,normal,0,214.5,144.5,359.0,Andy
2025,13,4,normal,0,182.5,187.42000000000002,369.92,Garth
2025,13,5,normal,0,290.0,118.08,408.08,Sam
2025,13,6,normal,0,205.5,99.0,304.5,Howard
2025,13,7,normal,0,239.0,180.59,419.59000000000003,Dave
2025,13,8,normal,0,176.5,152.42000000000002,328.92,Alex
2025,13,9,normal,0,171.5,191.91,363.40999999999997,Rich
2025,13,10,normal,0,203.0,175.91,378.90999999999997,Rouse
2025,14,1,normal,0,271.0,139.07999999999998,410.08,Boyce
2025,14,2,normal,0,269.5,237.0,506.5,Chris
2025,14,3,normal,0,165.5,103.75,269.25,Andy
2025,14,4,normal,0,239.5,144.41,383.90999999999997,Garth
2025,14,5,normal,0,259.0,142.84,401.84000000000003,Sam
2025,14,6,normal,0,232.0,195.84,427.84000000000003,Howard
2025,14,7,normal,0,234.0,192.92000000000002,426.92,Dave
2025,14,8,normal,0,204.0,137.34,341.34000000000003,Alex
2025,14,9,normal,0,204.5,172.5,377.0,Rich
2025,14,10,normal,0,322.5,197.25,519.75,Rouse
2025,15,1,long,0,391.0,316.76,707.76,Boyce
2025,15,2,long,0,349.0,203.07999999999998,552.0799999999999,Chris
2025,15,3,long,0,263.0,247.5,510.5,Andy
2025,15,4,long,0,347.5,233.92000000000002,581.4200000000001,Garth
2025,15,5,long,0,378.5,281.5,660.0,Sam
2025,15,6,long,0,355.5,307.65999999999997,663.16,Howard
2025,15,7,long,0,366.5,249.74,616.24,Dave
2025,15,8,long,0,440.0,290.83,730.8299999999999,Alex
2025,15,9,long,0,378.0,372.0,750.0,Rich
2025,15,10,long,0,370.0,228.75,598.75,Rouse
2025,16,1,normal,0,246.5,156.42000000000002,402.92,Boyce
2025,16,2,normal,0,250.0,177.17000000000002,427.17,Chris
2025,16,3,normal,0,203.5,91.83,295.33,Andy
2025,16,4,normal,0,249.0,144.75,393.75,Garth
2025,16,5,normal,0,243.5,180.07999999999998,423.58,Sam
2025,16,6,normal,0,232.0,209.57999999999998,441.58,Howard
2025,16,7,normal,0,232.5,106.42,338.92,Dave
2025,16,8,normal,0,264.0,189.51,453.51,Alex
2025,16,9,normal,0,207.5,143.57999999999998,351.08,Rich
2025,16,10,normal,0,233.5,211.74,445.24,Rouse
2025,17,1,normal,0,237.0,138.41,375.40999999999997,Boyce
2025,17,2,normal,0,221.5,167.82,389.32,Chris
2025,17,3,normal,0,240.5,124.25,364.75,Andy
2025,17,4,normal,0,225.0,190.32999999999998,415.33,Garth
2025,17,5,normal,0,220.0,141.57999999999998,361.58,Sam
2025,17,6,normal,0,228.0,153.57999999999998,381.58,Howard
2025,17,7,normal,0,257.0,167.51,424.51,Dave
2025,17,8,normal,0,244.0,155.25,399.25,Alex
2025,17,9,normal,0,184.5,183.32999999999998,367.83,Rich
2025,17,10,normal,0,218.0,106.5,324.5,Rouse
2025,18,1,normal,0,272.0,165.17000000000002,437.17,Boyce
2025,18,2,normal,0,217.5,175.75,393.25,Chris
2025,18,3,normal,0,183.5,138.42000000000002,321.92,Andy
2025,18,4,normal,0,163.0,165.5,328.5,Garth
2025,18,5,normal,0,225.0,147.76,372.76,Sam
2025,18,6,normal,0,218.5,130.34,348.84000000000003,Howard
2025,18,7,normal,0,262.0,161.57999999999998,423.58,Dave
2025,18,8,normal,0,272.0,125.66,397.65999999999997,Alex
2025,18,9,normal,0,247.0,167.01,414.01,Rich
2025,18,10,normal,0,207.0,178.18,385.18,Rouse
2025,19,1,normal,0,193.5,130.33,323.83000000000004,Boyce
2025,19,2,normal,0,223.5,171.0,394.5,Chris
2025,19,3,normal,0,223.5,148.08,371.58000000000004,Andy
2025,19,4,normal,0,154.0,112.01,266.01,Garth
2025,19,5,normal,0,216.5,168.34,384.84000000000003,Sam
2025,19,6,normal,0,295.0,145.25,440.25,Howard
2025,19,7,normal,0,270.5,115.41,385.90999999999997,Dave
2025,19,8,normal,0,264.0,147.42000000000002,411.42,Alex
2025,19,9,normal,0,264.5,208.5,473.0,Rich
2025,19,10,normal,0,290.0,153.67000000000002,443.67,Rouse
2025,20,1,normal,0,251.0,217.59,468.59000000000003,Boyce
2025,20,2,normal,0,277.0,194.41,471.40999999999997,Chris
2025,20,3,normal,0,166.0,159.09,325.09000000000003,Andy
2025,20,4,normal,0,194.5,219.01,413.51,Garth
2025,20,5,normal,0,265.0,204.76,469.76,Sam
2025,20,6,normal,0,302.0,239.0,541.0,Howard
2025,20,7,normal,0,180.5,119.08,299.58,Dave
2025,20,8,normal,0,261.0,153.32999999999998,414.33,Alex
2025,20,9,normal,0,236.0,182.32999999999998,418.33,Rich
2025,20,10,normal,0,250.0,69.5,319.5,Rouse
2025,21,1,normal,0,252.5,221.17000000000002,473.67,Boyce
2025,21,2,normal,0,273.0,135.32999999999998,408.33,Chris
2025,21,3,normal,0,233.5,82.83,316.33,Andy
2025,21,4,normal,0,192.0,127.33,319.33,Garth
2025,21,5,normal,0,226.0,136.92000000000002,362.92,Sam
2025,21,6,normal,0,233.5,162.07999999999998,395.58,Howard
2025,21,7,normal,0,261.0,119.5,380.5,Dave
2025,21,8,normal,0,230.0,167.09,397.09000000000003,Alex
2025,21,9,normal,0,287.0,155.84,442.84000000000003,Rich
2025,21,10,normal,0,275.0,203.42000000000002,478.42,Rouse
2025,22,1,normal,0,241.0,176.42000000000002,417.42,Boyce
2025,22,2,normal,0,263.5,246.41,509.90999999999997,Chris
2025,22,3,normal,0,180.0,95.16,275.15999999999997,Andy
2025,22,4,normal,0,202.0,97.43,299.43,Garth
2025,22,5,normal,0,268.5,169.92,438.41999999999996,Sam
2025,22,6,normal,0,192.5,176.57999999999998,369.08,Howard
2025,22,7,normal,0,203.5,193.57999999999998,397.08,Dave
2025,22,8,normal,0,269.0,125.33,394.33,Alex
2025,22,9,normal,0,262.0,107.83,369.83,Rich
2025,22,10,normal,0,259.0,34.75,293.75,Rouse
2025,23,1,normal,1,249.5,155.74,405.24,Boyce
2025,23,2,normal,1,211.5,154.74,366.24,Chris
2025,23,3,normal,1,252.5,129.92000000000002,382.42,Andy
2025,23,4,normal,1,235.0,193.82999999999998,428.83,Garth
2025,23,5,normal,1,205.0,212.5,417.5,Sam
2025,23,6,normal,1,197.0,128.93,325.93,Howard
2025,23,7,normal,1,183.5,138.41,321.90999999999997,Dave
2025,23,8,normal,1,214.0,140.93,354.93,Alex
2025,23,9,normal,1,190.0,174.0,364.0,Rich
2025,23,10,normal,1,204.0,196.25,400.25,Rouse
2025,24,1,normal,1,271.0,181.32999999999998,452.33,Boyce
2025,24,2,normal,1,208.5,203.0,411.5,Chris
2025,24,3,normal,1,184.0,120.76,304.76,Andy
2025,24,4,normal,1,185.5,120.25,305.75,Garth
2025,24,5,normal,1,165.0,128.24,293.24,Sam
2025,24,6,normal,1,192.0,203.42000000000002,395.42,Howard
2025,24,7,normal,1,277.5,180.84,458.34000000000003,Dave
2025,24,8,normal,1,249.0,199.25,448.25,Alex
2025,24,9,normal,1,280.0,120.5,400.5,Rich
2025,24,10,normal,1,196.5,155.25,351.75,Rouse
2026,1,1,short,0,100.0,71.08,171.07999999999998,Boyce
2026,1,2,short,0,92.0,96.59,188.59,Chris
2026,1,3,short,0,133.0,56.489999999999995,189.49,Andy
2026,1,4,short,0,61.5,120.25,181.75,Garth
2026,1,5,short,0,132.5,101.25,233.75,Sam
2026,1,6,short,0,125.0,92.09,217.09,Howard
2026,1,7,short,0,115.0,86.58,201.57999999999998,Dave
2026,1,8,short,0,128.5,98.66,227.16,Alex
2026,1,9,short,0,104.0,109.84,213.84,Rich
2026,1,10,short,0,139.0,112.41,251.41,Rouse
2026,2,1,normal,0,250.0,215.84,465.84000000000003,Boyce
2026,2,2,normal,0,195.0,179.82999999999998,374.83,Chris
2026,2,3,normal,0,289.5,118.5,408.0,Andy
2026,2,4,normal,0,156.0,154.75,310.75,Garth
2026,2,5,normal,0,226.0,189.75,415.75,Sam
2026,2,6,normal,0,220.5,186.57999999999998,407.08,Howard
2026,2,7,normal,0,227.0,220.5,447.5,Dave
2026,2,8,normal,0,191.5,203.75,395.25,Alex
2026,2,9,normal,0,293.0,141.75,434.75,Rich
2026,2,10,normal,0,222.5,93.17,315.67,Rouse
2026,3,1,normal,0,247.0,160.25,407.25,Boyce
2026,3,2,normal,0,170.5,125.83,296.33,Chris
2026,3,3,normal,0,214.5,146.5,361.0,Andy
2026,3,4,normal,0,224.0,187.16,411.15999999999997,Garth
2026,3,5,normal,0,205.0,131.32999999999998,336.33,Sam
2026,3,6,normal,0,193.5,215.09,408.59000000000003,Howard
2026,3,7,normal,0,261.5,136.83,398.33000000000004,Dave
2026,3,8,normal,0,210.0,156.16,366.15999999999997,Alex
2026,3,9,normal,0,269.5,145.24,414.74,Rich
2026,3,10,normal,0,250.5,214.92000000000002,465.42,Rouse
2026,4,1,normal,0,260.0,191.16,451.15999999999997,Boyce
2026,4,2,normal,0,192.5,194.18,386.68,Chris
2026,4,3,normal,0,239.5,188.84,428.34000000000003,Andy
2026,4,4,normal,0,217.5,120.34,337.84000000000003,Garth
2026,4,5,normal,0,292.5,163.66,456.15999999999997,Sam
2026,4,6,normal,0,244.5,181.92000000000002,426.42,Howard
2026,4,7,normal,0,245.0,137.57999999999998,382.58,Dave
2026,4,8,normal,0,257.5,204.66,462.15999999999997,Alex
2026,4,9,normal,0,249.5,184.01,433.51,Rich
2026,4,10,normal,0,223.5,196.32999999999998,419.83,Rouse
2026,5,1,normal,0,191.0,117.42,308.42,Boyce
2026,5,2,normal,0,226.0,149.25,375.25,Chris
2026,5,3,normal,0,262.0,150.32,412.32,Andy
2026,5,4,normal,0,231.0,121.41,352.40999999999997,Garth
2026,5,5,normal,0,262.0,155.34,417.34000000000003,Sam
2026,5,6,normal,0,245.0,154.75,399.75,Howard
2026,5,7,normal,0,254.5,169.09,423.59000000000003,Dave
2026,5,8,normal,0,233.5,153.17000000000002,386.67,Alex
2026,5,9,normal,0,275.0,159.0,434.0,Rich
2026,5,10,normal,0,204.0,186.0,390.0,Rouse
